Date,7203.T_Open,7267.T_Open,7270.T_Open,8306.T_Open,8316.T_Open,8411.T_Open,6758.T_Open,6501.T_Open,6702.T_Open,9432.T_Open,9433.T_Open,8058.T_Open,8031.T_Open
2023-10-10,2600,1650,2751,1254,1220.833374,2502.5,2480,1790,1767.5,173.3999939,2264.5,2366.666748,2673.5
2023-10-11,2650,1673,2828,1258,1239.833374,2553,2529,1776,1757.5,176.1000061,2280,2368,2685
2023-10-12,2678,1697,2870,1262,1238,2564.5,2580,1840,1742.5,177,2296.5,2349.666748,2671
2023-10-13,2708,1699,2846.5,1263,1235.833374,2589.5,2616,1838,1732.5,175.8999939,2252,2394,2680.5
2023-10-16,2650,1660,2800,1231.5,1208.333374,2508,2536,1800,1721.5,175,2242.5,2375,2695.5
2023-10-17,2705,1699.5,2854.5,1251,1218.5,2536,2574,1844,1725,172.1000061,2242.5,2392,2732.5
2023-10-18,2675,1693,2847.5,1245,1225,2543,2546,1805.199951,1728.5,173,2241.5,2390.333252,2772.5
2023-10-19,2625,1645,2749,1240.5,1218,2548,2512,1776,1704.5,171.5,2219,2340,2765
2023-10-20,2600.5,1626,2690,1236.5,1203.666626,2532,2503,1747.599976,1689.5,172.8999939,2245,2292,2696.5
2023-10-23,2600,1622,2685,1231,1195.666626,2540,2492,1726.800049,1699,173.5,2213,2298.333252,2725
2023-10-24,2645,1614.5,2673.5,1221.5,1193.333374,2521.5,2521,1760.800049,1701,173.3000031,2238,2302.666748,2717.5
2023-10-25,2631,1639.5,2691.5,1228.5,1193,2512,2540,1779.599976,1695.5,173.8999939,2247.5,2304,2706.5
2023-10-26,2617.5,1614,2670,1237,1204.166626,2525,2491,1744.400024,1674.5,174.6999969,2230,2316.666748,2680
2023-10-27,2595,1595,2643.5,1225,1189.166626,2502,2458,1755.400024,1876,173.6999969,2227.5,2335.666748,2687.5
2023-10-30,2593,1546,2597.5,1243,1203,2546.5,2410,1857,1870,173.5,2205,2325,2700
2023-10-31,2590,1515,2569.5,1260,1209.666626,2580,2458,1886.800049,1929.5,176.1999969,2215.5,2333,2699.5
2023-11-01,2703.5,1551,2688,1275,1216.333374,2584.5,2539,1925.400024,1971,177.3000031,2259.5,2383,2780
2023-11-02,2812,1608.5,2775,1305,1254.666626,2665.5,2590,1958.400024,1971,178.6000061,2269,2427.333252,2780
2023-11-06,2840,1613,2722.5,1298,1249.666626,2630,2588,1923.800049,1999,178.1999969,2300,2363.666748,2826.5
2023-11-07,2850,1623.5,2765,1274,1225,2541.5,2624,1931.599976,1958,177,2335,2344.333252,2875
2023-11-08,2861.5,1624,2771,1262.5,1206.833374,2528,2648,1938.800049,1941,171.8000031,2307,2323.333252,2818
2023-11-09,2795,1618,2720,1200,1141.666626,2350,2638,1936.400024,1969.5,168.5,2292.5,2292.666748,2772
2023-11-10,2770.5,1570,2700,1217,1154.166626,2420,2576,1963.800049,1964,169.1000061,2276,2337,2766.5
2023-11-13,2833,1586,2735,1252,1176.5,2469.5,2606,2002,1977.5,173.3999939,2323,2408,2835
2023-11-14,2845,1576.5,2758,1283,1199.166626,2556,2531,2013,1964,175.6000061,2350,2400,2850
2023-11-15,2880.5,1612,2798,1304.5,1208.333374,2558,2599,2017,1975,174.8000031,2334.5,2406.333252,2871.5
2023-11-16,2860,1605,2812,1259,1200.166626,2499,2649,1994.199951,1983.5,171.8999939,2301.5,2387.333252,2854.5
2023-11-17,2840,1590,2748.5,1249.5,1211.666626,2467,2610,2017,2000.5,173.1000061,2300.5,2364.666748,2805
2023-11-20,2892.5,1626,2750,1262,1236.333374,2529,2600,2080,2070,175.3999939,2320,2400,2860
2023-11-21,2785,1541,2641,1278,1244.333374,2570,2580,2064,2058,173.1999969,2313.5,2353,2775
2023-11-22,2728,1517,2630.5,1250.5,1221.5,2535.5,2585,2044,2075,173.1000061,2292.5,2322.333252,2674
2023-11-24,2785,1562,2730,1266.5,1230.833374,2546,2604,2080,2075,174,2343.5,2350,2731.5
2023-11-27,2800,1552,2710,1271,1227.5,2543,2576,2085,2112.5,172.8999939,2332,2352.666748,2705.5
2023-11-28,2770,1555,2662,1294.5,1239.5,2560,2602,2076,2116.5,173.3000031,2310,2340.333252,2705
2023-11-29,2770,1516,2638,1279.5,1235.666626,2554,2558,2020,2090,173.1000061,2300,2332.666748,2691
2023-11-30,2810,1509,2565,1260,1216.666626,2502,2554,2013,2105,172,2286.5,2308.333252,2650
2023-12-01,2819,1520,2664,1265,1212.5,2520,2564,2093,2116,174,2308,2312,2711.5
2023-12-04,2802,1514,2624,1269.5,1225,2520,2520,2070,2105,172.6000061,2300,2307,2695
2023-12-05,2770,1493,2603,1242,1198.333374,2466.5,2525,2056,2107,171.3000031,2290,2285.666748,2631
2023-12-06,2770.5,1505,2665,1240,1191.833374,2434.5,2532,2035,2125,171.8000031,2296.5,2288.666748,2609.5
2023-12-07,2800,1522,2720.5,1230,1188.333374,2430.5,2620,2063,2162,171.1999969,2318,2300,2628
2023-12-08,2711,1488,2573,1258.5,1208.333374,2490,2549,1992.400024,2153.5,171.6000061,2305,2259.666748,2581.5
2023-12-11,2701,1496,2594,1264.5,1206.666626,2489,2578,1962.400024,2168.5,171.3000031,2262.5,2263,2579
2023-12-12,2727,1501,2638,1263,1212.5,2474,2620,2014,2173,171.6000061,2264.5,2291.666748,2647
2023-12-13,2672.5,1476.5,2602,1251.5,1217.833374,2473,2604,2005,2125,173.1000061,2280.5,2271,2591.5
2023-12-14,2605.5,1430,2533,1245,1205.333374,2486.5,2580,2020,2135.5,171.6000061,2255,2233.333252,2575
2023-12-15,2617,1421,2517,1221,1130.833374,2410,2628,1959.199951,2100,170,2210,2211,2580
2023-12-18,2590.5,1394,2540,1191.5,1110,2352,2637,1967,2078.5,169.6999969,2206.5,2226.333252,2540
2023-12-19,2620,1427.5,2575,1198,1108.833374,2371,2595,1991.199951,2100,169.5,2218.5,2197.666748,2521
2023-12-20,2666,1471,2637,1167,1096.333374,2293.5,2626,2008,2104.5,167.8000031,2218,2238.333252,2577.5
2023-12-21,2520,1450,2605,1177,1109.166626,2336,2597,1967.800049,2058,169.6000061,2209,2214.333252,2563
2023-12-22,2520,1442,2551.5,1186.5,1123.166626,2339.5,2615,2020,2057,170.6000061,2200.5,2204.333252,2584
2023-12-25,2525,1454.5,2582,1220,1147.5,2397,2622,2016,2100,172.3000031,2240,2225,2623
2023-12-26,2543,1458,2581,1202,1128.666626,2360,2629,2012,2104,171.3999939,2226,2207.333252,2608
2023-12-27,2557.5,1448,2574,1203.5,1136.666626,2377,2644,2021,2115,171.1999969,2237,2213.666748,2634
2023-12-28,2555,1442,2548,1205,1135,2382.5,2650,2037,2118,172.3999939,2243,2248.5,2640
2023-12-29,2572,1459.5,2572,1205,1145.166626,2425.5,2680,2034,2131.5,172.1000061,2239.5,2255,2657.5
2024-01-04,2605,1476,2620,1212,1156.166626,2430,2666,2078,2130,170.1000061,2250,2267.5,2650.5
2024-01-05,2643.5,1506,2729,1232.5,1174.666626,2488.5,2610,2034,2134,173.5,2296.5,2301,2721.5
2024-01-09,2715,1553.5,2800,1270.5,1193.5,2551,2666,2151,2136,173.8999939,2306,2380,2749
2024-01-10,2684,1513.5,2744,1252.5,1178.5,2489,2681,2114,2106,176.1999969,2309,2329,2720
2024-01-11,2827,1564,2871,1273,1198.833374,2544,2853,2200,2020,179,2362.5,2370,2793
2024-01-12,2880,1590,2907.5,1280,1205.333374,2550,2900,2218,2090.5,181.3999939,2476,2399.5,2888
2024-01-15,2854,1560,2850.5,1277.5,1201.833374,2532.5,2893,2221,2076,181,2480,2420,2908.5
2024-01-16,2854,1560,2855,1277.5,1222.5,2532.5,2897,2221,2076,188,2480,2476,2975
2024-01-17,2880,1577,2867,1294,1208.333374,2557,2896,2242,2000,187.3999939,2458,2500,2951
2024-01-18,2880,1585,2879,1296.5,1211.333374,2553,2865,2224,1917,188,2487.5,2573,2985
2024-01-19,2985,1619,2910,1305.5,1213.333374,2562,2908,2260,1970,188.5,2515,2599.5,2982
2024-01-22,2965,1605,2940,1300,1216.5,2559,2930,2272,1995,189,2517.5,2590,2967.5
2024-01-23,2997,1609,2946.5,1308,1233.333374,2594,2959,2308,2100.5,191.8999939,2500,2603,3005
2024-01-24,3000,1591,2979.5,1316,1233.166626,2585,2910,2266,2085.5,189,2482,2593.5,3000
2024-01-25,2964,1579,2901,1392,1285.5,2695,2893,2283,2119,186.6000061,2461,2527.5,2943
2024-01-26,2950,1589,2890,1363,1255.166626,2650,2851,2275,2071,185.5,2462,2510,2950
2024-01-29,2929,1620.5,2981.5,1369.5,1249.833374,2631,2849,2235,2065,183.3999939,2429,2510,2901
2024-01-30,2950,1630,2951,1368,1260.666626,2658,2887,2273,2096,187,2457.5,2526.5,2947.5
2024-01-31,2940,1626.5,2951,1370,1259.333374,2645,2898,2299,2073.5,185,2417.5,2533,2938
2024-02-01,2940.5,1625,2928,1378,1266.666626,2660,2900,2371,2150,185.6999969,2429,2540,2989.5
2024-02-02,2963.5,1650,2941.5,1384,1273.166626,2695,2888,2400,2120,187.5,2467.5,2564.5,3050
2024-02-05,2995.5,1670,2977.5,1410,1286.5,2729,2910,2403,2265,189.1000061,2461,2558.5,2949.5
2024-02-06,2999.5,1671.5,2968,1412.5,1285,2771.5,2880,2357,2346,186,2417,2515.5,2906
2024-02-07,3195,1673,3025,1404,1270.166626,2720,2876,2350,2346,181.3999939,2290,2700,2850
2024-02-08,3330,1731,3146,1405,1281,2724,2868,2385,2312,184.3000031,2254,2799.5,2933
2024-02-09,3360,1731.5,3267,1390,1263.5,2666,2876,2418,2281,178.3000031,2221,2784,2925.5
2024-02-13,3366,1723,3300,1404.5,1271.5,2695,2896,2436,2319,182,2264,2799.5,2945
2024-02-14,3453,1711,3343,1410.5,1283.666626,2709.5,2929,2386,2314,180.1000061,2282,2892,3033
2024-02-15,3415,1700,3320,1419.5,1295,2700,2730,2421,2299,182.8000031,2264,2950,3025
2024-02-16,3440,1720,3326,1416,1306,2689,2733,2453,2339,182.1000061,2259.5,2980,3074
2024-02-19,3414,1748,3300,1450,1346.5,2726,2695,2402,2366,182.1000061,2292.5,3070,3148.5
2024-02-20,3450,1744,3332,1505,1366.666626,2770,2695,2449,2351,183.1999969,2325,3232,3260
2024-02-21,3400,1728.5,3366,1483.5,1341.666626,2745,2601,2472,2275,180.6999969,2346,3170,3189.5
2024-02-22,3450,1759.5,3341,1493,1350,2744.5,2646,2532,2276,181.3999939,2321.5,3190,3206.5
2024-02-26,3550,1805,3367,1500,1352.333374,2738,2619,2573,2278,180,2285,3334,3325
2024-02-27,3600,1770.5,3340,1517,1374.166626,2774,2603,2571,2300,182.5,2276,3300,3324
2024-02-28,3588,1788,3373,1540.5,1416.666626,2810,2570,2544,2325,183.1000061,2257.5,3256,3304
2024-02-29,3560,1795,3382,1522,1380.833374,2775,2538,2518,2325,183.1000061,2276,3230,3299
2024-03-01,3595,1780,3371,1524.5,1384.166626,2799,2605,2513,2340,182.1000061,2277,3205,3276.5
2024-03-04,3694,1809,3367,1575,1414.666626,2858,2648,2636,2359,181,2280,3292,3383.5
2024-03-05,3665,1787.5,3309,1571.5,1418.5,2852,2586,2606,2394,180,2251,3234,3323.5
2024-03-06,3729,1804,3360,1592,1443.666626,2883.5,2576,2639,2419,180.1999969,2250,3280,3423
2024-03-07,3799,1808,3465,1616,1474.5,2957.5,2581,2610,2458.5,181.5,2289,3290,3431
2024-03-08,3644,1739,3190,1616.5,1491,3050,2560,2588,2460,184.8000031,2321,3290,3360.5
2024-03-11,3500,1733,3058,1624.5,1513.333374,3150,2560,2561,2427,185.1000061,2317.5,3273,3337.5
2024-03-12,3441,1713.5,3054,1534.5,1444.166626,2957.5,2525,2441,2405,181.3000031,2277.5,3190,3211
2024-03-13,3506,1752.5,3166,1570.5,1468.666626,2980,2600,2498,2436.5,180.8999939,2256.5,3250,3184
2024-03-14,3450,1749,3118,1521.5,1436.666626,2918.5,2577,2441,2458.5,180.5,2215,3166,3143.5
2024-03-15,3433,1768,3197,1503,1430.333374,2899,2605,2472,2424.5,180.5,2209.5,3238,3176
2024-03-18,3515,1817,3208,1523,1438.333374,2960,2621,2502,2443,181.1000061,2272.5,3340,3295
2024-03-19,3574,1827,3270,1530,1439.833374,2952.5,2666,2547,2517,181,2279.5,3400,3323
2024-03-21,3800,1893,3446,1544,1453.5,3000,2718,2674,2555,182.1000061,2315.5,3539,3470
2024-03-22,3829,1918.5,3459,1582,1497.333374,3070,2690,2745,2571,181,2270,3609,3563.5
2024-03-25,3850,1920,3465,1597,1515,3090,2670,2703,2600,184.3000031,2288.5,3572,3584
2024-03-26,3829,1873,3450,1587,1497.5,3069,2614,2750,2508,183.6999969,2266.5,3506,3570
2024-03-27,3875,1891.5,3481,1570,1498.333374,3065,2620,2760,2506,184,2276.5,3547,3587
2024-03-28,3839,1870,3423,1541,1488,3024,2606,2720,2500,181,2252.5,3500,3511
2024-03-29,3804,1888,3438,1549,1479.5,3018,2599,2751,2457.5,180.1000061,2242,3462,3541.5
2024-04-01,3801,1905,3460,1557,1483.333374,3045,2612,2797,2497,180,2250,3485,3546
2024-04-02,3685,1866,3390,1510,1445.833374,2953,2614,2685,2474,177,2229,3450,3500
2024-04-03,3633,1836,3350,1489.5,1428.333374,2900.5,2624,2689,2468,177,2203.5,3425,3434
2024-04-04,3670,1852,3410,1527.5,1464.666626,2949,2620,2764,2453.5,178,2239.5,3517,3551
2024-04-05,3605,1840,3417,1514,1450.5,2919,2590,2737,2400,174,2200,3450,3530.5
2024-04-08,3665,1861,3468,1533.5,1463.833374,2950,2560,2775,2503,174.5,2202.5,3495,3590
2024-04-09,3740,1875,3528,1549.5,1477.833374,2988,2560,2824,2485,175.6999969,2200.5,3531,3675
2024-04-10,3750,1876,3506,1535,1471.666626,2970,2569,2802,2492,176.8000031,2209.5,3610,3700
2024-04-11,3722,1864,3538,1532,1466.666626,2963,2560,2816,2439,175.3000031,2149,3543,3670.5
2024-04-12,3813,1890,3601,1565,1508.333374,3048,2608,2931,2536,175,2170.5,3620,3715
2024-04-15,3721,1849,3532,1525,1476.833374,3000,2600,2892,2500.5,174.5,2143.5,3556,3690.5
2024-04-16,3742,1852,3539,1536.5,1483.166626,3034,2551,2892,2503.5,173.1000061,2122,3610,3715
2024-04-17,3686,1837,3550,1520,1452.666626,2995,2560,2797,2494.5,172.1999969,2146.5,3519,3593.5
2024-04-18,3567,1770,3467,1484,1411.666626,2919,2542,2720,2494.5,169.1000061,2105.5,3388,3502.5
2024-04-19,3550,1782.5,3391,1520.5,1436.666626,2963,2556,2726,2470,168.1000061,2129.5,3466,3592.5
2024-04-22,3540,1771,3315,1527,1440.333374,2989,2520,2693,2461,170.8999939,2160,3479,3597
2024-04-23,3592,1785,3323,1561,1459,3033,2511,2683,2471,172.3000031,2176.5,3535,3684
2024-04-24,3551,1788,3305,1565.5,1466.666626,3042,2516,2666,2461.5,172.3999939,2198.5,3492,3684
2024-04-25,3560,1776.5,3362,1564,1471.666626,3016,2570,2682,2494.5,170,2157,3524,3740
2024-04-26,3502,1746,3275,1550,1460.5,3008,2558,2660,2350,168.5,2172.5,3511,3707.5
2024-04-30,3577,1804,3400,1543,1464.166626,2995,2606,2900,2472.5,170.3000031,2207.5,3600,3825.5
2024-05-01,3600,1782.5,3501,1568,1491,3034,2588,2919,2400.5,170.1999969,2198.5,3594,3833.5
2024-05-02,3581,1776,3460,1557,1491.166626,3010,2612,2913,2446,171,2202,3634,3825
2024-05-07,3650,1792,3455,1568,1486.666626,3030,2552,3018,2510,170.5,2213,3544,3914
2024-05-08,3547,1760,3375,1560,1475,2994.5,2476,2916,2443,170.1000061,2167.5,3420,3877.5
2024-05-09,3595,1767,3331,1568.5,1475.666626,3013,2421,2860,2367.5,168.1000061,2135,3321,3895
2024-05-10,3504,1780,3341,1587,1488.166626,3040,2307,2850,2399.5,169,2176.5,3345,3922
2024-05-13,3417,1856.5,3286,1599.5,1501.5,3077,2354,2906,2320,160.1000061,2206.5,3365,3912.5
2024-05-14,3350,1754,3255,1600,1524.166626,3069,2382,2880,2380,160,2215.5,3379,3927.5
2024-05-15,3409,1748,3300,1617,1533.5,3094,2607,2902,2334.5,158.1000061,2202,3417,3896
2024-05-16,3405,1737,3284,1550.5,1558.833374,3089,2640,2897,2344,156.6999969,2162.5,3423,3927.5
2024-05-17,3367,1700,3225,1528,1550,3064,2601,2871,2325.5,152,2145,3335,3918
2024-05-20,3438,1727,3205,1553,1617.333374,3160,2616,2888,2342.5,152,2166.5,3352,4010
2024-05-21,3467,1767.5,3320,1555,1635,3198,2612,2940,2353.5,153,2185.5,3419,4105
2024-05-22,3424,1745,3351,1564,1648.333374,3171,2568,3000,2302,154.8000031,2175,3389,4179
2024-05-23,3387,1726.5,3311,1559,1636.833374,3128,2564,2992,2348.5,153.8000031,2156,3326,4116
2024-05-24,3320,1700.5,3288,1543,1614,3115,2555,2992,2316.5,152,2156,3257,3990
2024-05-27,3419,1749,3341,1571,1630,3148,2516,3135,2327,153.5,2162,3346,4075
2024-05-28,3440,1742,3375,1595,1650.666626,3151,2514,3163,2305,156.1999969,2180,3375,4071.5
2024-05-29,3435,1749,3448,1630,1691.666626,3174,2507,3191,2267.5,153.6000061,2140.5,3384,4083
2024-05-30,3350,1718,3412,1621,1660.833374,3105,2478,3111,2225,151.8000031,2130,3300,3967.5
2024-05-31,3370,1745,3480,1625.5,1673.333374,3144,2570,3160,2257.5,152,2173,3261,3955
2024-06-03,3402,1780,3557,1684.5,1730,3238,2590,3259,2297,155.8999939,2181,3350,4049
2024-06-04,3300,1740,3500,1691.5,1740,3283,2617,3312,2284,154.5,2167.5,3316,3981
2024-06-05,3250,1691.5,3417,1661,1703.333374,3157,2670,3290,2375.5,152.6000061,2160,3250,3855.5
2024-06-06,3258,1680.5,3409,1643,1675,3112,2710,3250,2400,152,2141,3236,3873.5
2024-06-07,3266,1670,3341,1635,1693.333374,3115,2682,3262,2371.5,150,2130,3212,3810
2024-06-10,3236,1680,3367,1640,1713.333374,3137,2685,3300,2459,150.3999939,2136,3220,3830
2024-06-11,3262,1716.5,3436,1652,1735.833374,3179,2673,3448,2470,150.5,2149,3270,3870
2024-06-12,3200,1700,3355,1614,1688.333374,3108,2646,3360,2430,149.8999939,2147.5,3205,3750
2024-06-13,3226,1714,3390,1623,1694.166626,3118,2664,3427,2444.5,148,2150,3190,3778.5
2024-06-14,3058,1665,3301,1575.5,1647.666626,3034,2618,3360,2425,146,2116,3141,3701
2024-06-17,3056,1680,3231,1562,1659.666626,3061,2565,3402,2424.5,145.1999969,2109.5,3103,3760
2024-06-18,3068,1668,3322,1553,1653.333374,3045,2546,3340,2421.5,144,2082.5,3095,3721
2024-06-19,3076,1680,3387,1560,1658.333374,3054,2520,3333,2446,145.5,2096,3027,3720
2024-06-20,3091,1673,3359,1565,1668.333374,3071,2560,3385,2407,145.6999969,2075,3028,3675
2024-06-21,3102,1674,3372,1570.5,1680,3110,2564,3410,2397,146,2062.5,3060,3705
2024-06-24,3123,1680,3369,1549.5,1666.666626,3109,2569,3354,2397.5,148,2104.5,3046,3695
2024-06-25,3199,1704.5,3389,1603,1685.833374,3156,2618,3400,2430,149.3999939,2103,3070,3670
2024-06-26,3315,1731,3433,1640,1733.333374,3265,2658,3485,2446.5,151,2130,3153,3725
2024-06-27,3300,1718,3407,1659,1740,3283,2660,3510,2454.5,150.3999939,2112,3125,3698
2024-06-28,3299,1722.5,3374,1680,1756.666626,3310,2750,3647,2531,151.8999939,2112,3110,3663
2024-07-01,3325,1744,3467,1742,1807.5,3410,2759,3659,2540,154.1000061,2150,3219,3700
2024-07-02,3285,1765,3467,1770,1807.5,3420,2756,3730,2560,157,2172.5,3259,3700
2024-07-03,3345,1735,3470,1805,1855,3489,2780,3700,2597.5,157,2192,3340,3766
2024-07-04,3351,1767.5,3515,1806.5,1838.333374,3450,2790,3685,2670.5,159,2206,3355,3767
2024-07-05,3384,1766,3595,1838,1878.333374,3565,2781,3730,2638,157.5,2199,3391,3866
2024-07-08,3319,1718,3485,1822,1855,3487,2799,3650,2623,155,2208.5,3372,3820
2024-07-09,3272,1690,3495,1791,1849.166626,3452,2797,3760,2638,154.3000031,2208,3373,3799
2024-07-10,3261,1695,3432,1795,1850,3446,2900,3764,2634,156.1999969,2240,3358,3751
2024-07-11,3323,1720,3513,1815.5,1867.5,3523,3008,3881,2680.5,159,2275,3385,3788
2024-07-12,3249,1695.5,3428,1761.5,1823.333374,3430,3060,3709,2617.5,158.8999939,2270,3347,3695
2024-07-16,3294,1704.5,3430,1760,1808.333374,3423,3050,3711,2620,159.5,2262.5,3333,3730
2024-07-17,3264,1718,3400,1799,1850,3470,3020,3820,2665.5,157.5,2257,3389,3800
2024-07-18,3151,1670,3201,1756,1800.833374,3414,2980,3667,2631,159.1000061,2266,3327,3698
2024-07-19,3147,1666.5,3234,1788,1832.5,3450,2920,3591,2627,160.1000061,2297,3325,3689
2024-07-22,3105,1659.5,3145,1780,1838.333374,3425,2949,3632,2650,159.5,2287.5,3308,3709
2024-07-23,3130,1683.5,3178,1763,1824.166626,3418,2892,3480,2632.5,161.6000061,2305.5,3270,3650
2024-07-24,3125,1653,3096,1759.5,1849.166626,3475,2870,3400,2583,160,2294.5,3244,3591
2024-07-25,3040,1610,2980,1708,1780,3334,2746,3188,2468,157,2265,3110,3499
2024-07-26,3006,1590,2919.5,1685.5,1738.333374,3250,2656,3032,2678,159.3000031,2273.5,3110,3452
2024-07-29,2958,1609.5,2934.5,1703.5,1776.666626,3306,2690,3194,2737,158.6999969,2261.5,3159,3450
2024-07-30,2967,1622.5,2912.5,1676,1735,3280,2699,3234,2700,158.8000031,2253.5,3137,3460
2024-07-31,2929,1611,2933.5,1700,1755,3310,2675,3120,2660,158.1999969,2243,3113,3456
2024-08-01,2901,1607.5,2816.5,1742,1811.666626,3443,2682,3549,2682.5,159.3000031,2242.5,3081,3480
2024-08-02,2576,1527,2715.5,1565.5,1681.666626,3240,2549,3236,2520,151.8999939,2159.5,2833.5,3049
2024-08-05,2450,1422,2400,1236,1360.333374,2800,2364,2840.5,2350.5,148.1000061,2153,2625.5,2720
2024-08-06,2532,1431.5,2377.5,1450,1420,2750,2511,3053,2367.5,150,2191,2713.5,2710.5
2024-08-07,2400,1405.5,2293,1310,1322.5,2546.5,2371,3100,2381.5,145,2179.5,2628,2656
2024-08-08,2460,1400,2399,1380,1444.833374,2750,2564,3143,2401,146.5,2256.5,2740,2789
2024-08-09,2491.5,1457.5,2520.5,1424,1491.166626,2794,2495,3181,2426,145,2257.5,2793,2867
2024-08-13,2494,1430,2439.5,1412.5,1503.333374,2830,2584,3380,2450,147.5,2270,2840,2939
2024-08-14,2565,1479,2540.5,1480,1575,2910,2621,3421,2505,149.6999969,2282.5,2890,2992.5
2024-08-15,2642,1510,2610.5,1477,1583,2940.5,2587,3390,2461,148.1999969,2254.5,2898.5,3008
2024-08-16,2745,1585.5,2801.5,1575,1671.666626,3172,2647,3536,2503.5,151.1000061,2310.5,3024,3171
2024-08-19,2730,1584,2732,1555,1695,3131,2664,3600,2490,151,2350,3023,3130
2024-08-20,2705.5,1596,2763.5,1560,1685.833374,3139,2675,3559,2500,152,2355,3050,3140
2024-08-21,2653,1550,2670,1520,1642,3031,2640,3480,2543.5,150.3999939,2365,2982,3004
2024-08-22,2661,1552.5,2670,1536.5,1641.666626,3050,2677,3511,2529.5,151.6000061,2397.5,3019,3000
2024-08-23,2675,1567,2732,1523,1634,3044,2666,3503,2506.5,152.1999969,2423.5,3025,3036
2024-08-26,2636,1545,2674,1513,1636.833374,3051,2655,3460,2518,152,2387.5,2951,2996
2024-08-27,2610.5,1544.5,2675,1495,1583.333374,2999.5,2671,3380,2525,152.5,2415,2979.5,2998
2024-08-28,2699,1557.5,2710.5,1492,1591.666626,2986,2762,3369,2542,154.3000031,2438,2985,3001
2024-08-29,2736.5,1575,2719,1517.5,1603.5,3020,2780,3429,2590,156,2461,3005,3035
2024-08-30,2707,1572.5,2736,1520,1600,3010,2820,3463,2665,157.6000061,2488,3010,3066
2024-09-02,2789.5,1613.5,2843,1552,1603.333374,3050,2844,3620,2707,156,2455.5,3030,3140
2024-09-03,2784.5,1610,2800,1559,1612.333374,3090,2817,3600,2750,156.6000061,2452.5,3030,3135
2024-09-04,2677.5,1564.5,2660,1549,1601.666626,3030,2735,3419,2762,156,2442.5,2900,2931
2024-09-05,2594,1511,2549,1479,1537.5,2924,2712,3347,2759,153.6000061,2398.5,2832.5,2827
2024-09-06,2566.5,1520,2589,1490,1550,2943.5,2676,3368,2827,156,2421.5,2885.5,2870
2024-09-09,2498,1476,2518,1410,1480,2810,2520,3143,2727,152.6999969,2400,2800,2772
2024-09-10,2517,1510,2513.5,1442.5,1505.166626,2850,2630,3270,2800,153.6999969,2427,2869,2853.5
2024-09-11,2450,1461.5,2467.5,1428.5,1488.666626,2800,2656,3298,2880,150.1000061,2397,2811.5,2786
2024-09-12,2485,1475,2480,1457.5,1508.333374,2848,2680,3428,2900,148,2357.5,2830,2912
2024-09-13,2482,1493.5,2442,1452,1502.5,2831,2642,3420,2905.5,150,2391,2840.5,2891
2024-09-17,2436.5,1475.5,2391,1455.5,1494,2826,2511,3410,2875.5,148.1999969,2379.5,2829.5,2860
2024-09-18,2450.5,1482.5,2374,1437,1473,2780,2590,3446,2949.5,148.8999939,2375,2874.5,2872.5
2024-09-19,2585,1550,2458,1460,1493.333374,2840,2585,3561,2928.5,150,2384,2851,2910.5
2024-09-20,2667,1585,2499.5,1483,1513.666626,2929.5,2691,3700,2938.5,150.1999969,2414,2959.5,3025
2024-09-24,2661.5,1585,2500,1500,1541.666626,2940.5,2730,3800,2910,150.1999969,2437,2967.5,3070
2024-09-25,2609.5,1555.5,2482,1466,1513.333374,2888,2730,3810,2905,149.6999969,2416.5,2961,3099
2024-09-26,2671.5,1595,2581.5,1453.5,1495,2828.5,2780,3916,2886,148.8999939,2395.5,3010,3207
2024-09-27,2746.5,1604,2628,1473.5,1513,2859,2888,3983,2965.5,148.8000031,2347.5,3049,3252
2024-09-30,2600.5,1502.5,2539.5,1498,1525,2918,2730,3830,2914,147.1000061,2314.5,2940,3129
2024-10-01,2569,1530,2570,1462.5,1532.5,2965.5,2777.5,3850,2955,147.3999939,2327.5,2955,3178
2024-10-02,2550,1525,2498,1458,1516,2943,2734,3792,2972,146.5,2322,2996.5,3244
2024-10-03,2629,1581,2586,1471,1530,2981,2780,3967,3050,148.3999939,2328,3122,3420
2024-10-04,2600,1564.5,2561.5,1455,1521.5,2928,2794,3782,2993,148.3999939,2321.5,3055,3350
2024-10-07,2659,1615,2663.5,1534,1589,3090,2850,3886,3049,149.6999969,2375,3123,3455
2024-10-08,2605.5,1590.5,2614,1530,1605,3106,2832.5,3950,3029,148.3999939,2340,3042,3373
2024-10-09,2591,1580,2599,1519,1556.5,3035,2840,4005,3130,149.1999969,2377.5,3030,3334
2024-10-10,2596,1579,2605,1527,1575.5,3048,2835.5,3998,3181,150.1000061,2395,2988.5,3297
2024-10-11,2586,1585,2603.5,1539.5,1581,3048,2850,3974,3122,148.6999969,2389.5,3000,3290
2024-10-15,2592,1570,2616,1595,1625,3120,2830,4020,3151,148.8000031,2360,2980,3298
2024-10-16,2527.5,1528,2518,1577,1589.5,3059,2770,3943,3100,147.1000061,2396.5,2892.5,3170
2024-10-17,2549,1540,2585,1600,1613,3138,2778,4030,3084,148.1999969,2400,2903,3208
2024-10-18,2574.5,1542,2639,1632,1640,3200,2750,4058,3093,147.5,2392.5,2901,3195
2024-10-21,2550,1533,2598.5,1642,1615.5,3200,2728,4046,3108,147,2382,2868.5,3170
2024-10-22,2567.5,1501,2639.5,1603.5,1590,3151,2720,3955,3070,145.5,2367.5,2842,3145
2024-10-23,2573.5,1520,2630,1589.5,1575,3121,2671,3853,3017,145.6000061,2356,2816,3100
2024-10-24,2589,1519,2623,1550,1546,3069,2655,3831,2970,145,2340,2780,3060
2024-10-25,2594.5,1536.5,2633.5,1540,1549.5,3071,2675,3943,2989.5,145.8999939,2368,2769,3078
2024-10-28,2615,1534,2631,1515.5,1524,3016,2641,3985,2977.5,145,2351,2753,3056
2024-10-29,2709,1580,2755.5,1567.5,1585,3133,2698,4024,2963,147.1999969,2385.5,2814,3163
2024-10-30,2685,1566,2779,1618,1625,3188,2717.5,4053,2970.5,147.1000061,2410,2857.5,3189
2024-10-31,2700,1589.5,2780,1615.5,1630,3212,2721,3852,2946,147.6999969,2417,2864,3217
2024-11-01,2629,1525,2631.5,1610,1619,3193,2675,3800,2711,147,2375,2800,3110
2024-11-05,2636.5,1524,2499,1630,1630,3241,2720,3700,2709.5,147.3999939,2378.5,2721,3066
2024-11-06,2616,1511,2552.5,1637,1648.5,3280,2728.5,3651,2700,146.5,2392.5,2725,3216
2024-11-07,2784.5,1412.5,2497,1795.5,1841.5,3580,2789,3853,2801.5,146.1000061,2415.5,2830,3340
2024-11-08,2748,1412,2530,1784,1782.5,3442,2818,3994,2837.5,153,2452.5,2775,3304
2024-11-11,2660,1369,2406.5,1784.5,1790,3427,3000,4053,2855,151.3999939,2454,2724,3239
2024-11-12,2676.5,1380.5,2401,1799.5,1810,3491,2975,4078,2850,151.1999969,2474.5,2721.5,3245
2024-11-13,2717,1360.5,2422.5,1805,1808,3500,2875,3936,2767,152,2491.5,2701,3202
2024-11-14,2718,1340,2440.5,1789.5,1795.5,3500,2888.5,3929,2758,151.1000061,2500,2681.5,3205
2024-11-15,2703.5,1340,2469,1830,1822,3620,2906,3984,2887.5,151.6999969,2522.5,2729,3300
2024-11-18,2674.5,1349,2450,1830.5,1807.5,3765,2857.5,3857,2799,154,2521,2685,3230
2024-11-19,2700,1376.5,2471.5,1811.5,1798,3755,2943,3875,2786,155.3999939,2520.5,2680,3260
2024-11-20,2734,1387,2520.5,1835,1826,3832,3000,3862,2772,156.8999939,2513.5,2691.5,3286
2024-11-21,2706.5,1360,2475,1817,1807.5,3800,3000,3799,2796.5,156.1999969,2501.5,2682,3314
2024-11-22,2696,1364,2444.5,1817,1809,3846,2946.5,3750,2743,156.5,2490,2653,3281
2024-11-25,2709,1382,2478,1832,1844,3836,2960,3831,2762.5,156,2517,2654.5,3316
2024-11-26,2694,1359.5,2483.5,1824,1825,3791,2965.5,3728,2751,154.1000061,2485.5,2609,3280
2024-11-27,2600,1306.5,2472.5,1785,1799,3737,3010,3720,2769,153.5,2473,2555,3216
2024-11-28,2591,1296,2408,1740,1779,3643,3045,3700,2810,151.6000061,2459,2520,3137
2024-11-29,2612,1300,2457,1774,1825.5,3750,3040,3760,2821.5,154.5,2462,2514.5,3156
2024-12-02,2565,1290,2420,1804.5,1863,3810,3020,3779,2880,154.6999969,2476.5,2525,3136
2024-12-03,2611,1311,2454.5,1830,1930,3892,3014,3982,2890,154.6999969,2470.5,2599.5,3208
2024-12-04,2634.5,1317,2499,1850,1935,3945,3085,4008,2853,157,2494,2649,3308
2024-12-05,2649,1301,2465,1837.5,1893,3832,3195,4122,2829,155.8000031,2467.5,2600,3264
2024-12-06,2647,1291,2453.5,1800,1885,3818,3146,4094,2823.5,156.1999969,2465.5,2568.5,3156
2024-12-09,2629,1298.5,2460,1812,1885,3814,3148,4100,2800,156.8000031,2478,2558,3148
2024-12-10,2685.5,1330,2525,1824,1912,3840,3320,3998,2837.5,157.6000061,2500,2606,3225
2024-12-11,2693.5,1324.5,2507,1818,1895,3827,3310,3960,2803.5,155.1000061,2500,2605,3243
2024-12-12,2715,1313,2507.5,1852,1915,3865,3424,4087,2857,155.6000061,2510,2604,3268
2024-12-13,2668.5,1290,2480.5,1850,1883,3823,3322,3988,2815.5,155,2465,2550,3260
2024-12-16,2698,1295,2525,1859,1900,3821,3333,4000,2842,155.8000031,2505,2540,3250
2024-12-17,2688,1290.5,2515,1854,1875,3842,3322,4018,2809.5,155,2481.5,2523,3217
2024-12-18,2691,1280,2525,1811,1820.5,3765,3318,3999,2778.5,155.6999969,2480.5,2510,3196
2024-12-19,2676.5,1214.5,2550,1800,1807.5,3760,3221,3826,2714,153.8999939,2445,2500,3121
2024-12-20,2748.5,1233,2596,1815,1850,3838,3300,3925,2797,155.6999969,2489.5,2509.5,3177
2024-12-23,2805,1244,2600,1774,1826,3774,3348,3935,2829.5,155.8000031,2485,2504.5,3179
2024-12-24,2850,1456,2667.5,1808,1869.5,3828,3327,3850,2800,155.1999969,2490,2515,3217
2024-12-25,2830,1432,2700,1801.5,1872,3843,3291,3884,2720,154.1000061,2485,2514,3218
2024-12-26,3000,1450,2714.5,1800,1867,3830,3300,3900,2720,154,2467.5,2522.5,3223
2024-12-27,3204,1512.5,2811,1820,1875,3880,3400,3999,2776,156,2495,2588.5,3294
2024-12-30,3182,1529.5,2824,1845,1905,3903,3430,4044,2835,158.6000061,2538.5,2626.5,3333
2025-01-06,3103,1535,2804,1860,1910,3913,3357,4047,2845,159.1000061,2517.5,2636,3350
2025-01-07,3004,1578.5,2797.5,1873,1919.5,3909,3312,4071,2858,157.1000061,2450,2571,3298
2025-01-08,3050,1604,2802,1926.5,1935,3988,3300,4003,2865,157,2451.5,2555,3265
2025-01-09,3070,1583,2809,1906,1934,4020,3290,3973,2860,156.1999969,2445,2535,3210
2025-01-10,2989,1552,2730,1910.5,1901.5,3985,3227,3839,2835.5,155,2432.5,2493.5,3088
2025-01-14,2932,1517,2676,1910,1877,3907,3235,3809,2801,154.1000061,2373.5,2492,3042
2025-01-15,2930.5,1507,2709.5,1880,1891,3954,3196,3772,2715,154.5,2424.5,2531.5,3073
2025-01-16,2890,1472,2649.5,1906,1908.5,4000,3215,3770,2685.5,153.3999939,2421,2499,3073
2025-01-17,2819,1448.5,2588,1880.5,1891,3938,3200,3688,2631,151.3999939,2425,2480,3002
2025-01-20,2837,1464,2628,1899,1914.5,3952,3250,3730,2695.5,151,2409,2465,3034
2025-01-21,2920,1505,2705.5,1924.5,1920,4020,3299,3802,2733.5,152,2425,2477.5,3078
2025-01-22,2900,1495,2677,1936,1911.5,3983,3256,3877,2786,150.3000031,2424.5,2472,3080
2025-01-23,2893,1485,2701.5,1905,1900,3965,3297,4029,2765,150.1999969,2412,2473,3059
2025-01-24,2894,1487,2707.5,1907,1886,3989,3291,4025,2752,151.3000031,2441.5,2483,3058
2025-01-27,2913.5,1490,2700,1927,1905,4030,3251,4045,2815,151.3999939,2494,2492.5,3095
2025-01-28,2900,1488,2691,1927,1922.5,4093,3260,3600,2773.5,153.6000061,2565.5,2486,3040
2025-01-29,2917,1499.5,2715,1975,1954.5,4199,3389,3701,2848.5,153.3999939,2590.5,2499.5,3050
2025-01-30,2927,1483,2722.5,1977.5,1933.5,4255,3421,3729,2897,153.1999969,2580.5,2475,3043
2025-01-31,2936,1471.5,2739.5,1968.5,1950,4300,3431,3887,2931.5,152.1000061,2575,2491,3089
2025-02-03,2825,1386.5,2624,1946,1890,4250,3333,3848,3135,152,2575,2460,2970
2025-02-04,2907.5,1400,2613,1940,1912.5,4280,3484,4000,3050,152.3999939,2625,2496,3001
2025-02-05,2893,1400,2641,1950,1907.5,4262,3500,4043,3092,151.5,2637,2499.5,2991
2025-02-06,2961,1436,2616,1940,1897.5,4248,3500,4037,3046,151.8999939,2573,2497,2925
2025-02-07,2860,1428,2635,1917,1891.5,4225,3480,4034,3014,150,2485,2540,2883
2025-02-10,2826,1424,2760,1919,1879.5,4170,3425,4064,2971,147,2438.5,2518,2851
2025-02-12,2805,1423,2899,1900,1863.5,4150,3289,4020,3033,146.6000061,2512.5,2458,2817
2025-02-13,2850,1433,2949.5,1923.5,1872.5,4210,3360,4029,3070,145.3999939,2499,2469.5,2825
2025-02-14,2868.5,1476,2980,1930,1891,4279,3760,4200,3081,147.5,2497,2485,2830
2025-02-17,2793.5,1455,2879,1952,1901.5,4324,3702,4295,3089,146.3999939,2475,2454,2785
2025-02-18,2766,1420,2825.5,1999,1952,4375,3858,4435,3103,147.6000061,2485,2418,2777.5
2025-02-19,2765,1403,2783,2022,1969.5,4450,3793,4346,3081,148.8999939,2482,2416,2763.5
2025-02-20,2730.5,1360,2700,1991,1986,4400,3774,4343,3027,146.8000031,2450,2369,2739
2025-02-21,2686,1360,2645,1960,1945,4330,3712,4255,2950,146.1000061,2425,2370,2710
2025-02-25,2650,1371,2704,1924,1897,4160,3791,3870,2920,147.3000031,2410,2520,2766.5
2025-02-26,2701.5,1388.5,2700,1950,1921,4244,3756,3775,2942,147.3999939,2462.5,2585,2819
2025-02-27,2735.5,1390,2753.5,1916.5,1917,4180,3785,3802,2923,147.8000031,2475,2525,2819.5
2025-02-28,2736,1399,2835,1929,1925,4219,3749,3780,2897.5,147.6999969,2465,2524.5,2812
2025-03-03,2744.5,1406.5,2788.5,1934,1925.5,4228,3740,3840,2979,145.8000031,2460,2532,2843
2025-03-04,2745,1395,2782,1933.5,1915,4256,3676,3717,3000,146.1999969,2450,2547.5,2820
2025-03-05,2775,1391,2750,1910,1876,4111,3592,3723,3029,147.1000061,2440,2529.5,2770
2025-03-06,2860,1436,2787,1935,1900,4231,3575,3766,3138,146.8999939,2452.5,2550,2789
2025-03-07,2749.5,1416.5,2724.5,1923,1894.5,4225,3517,3800,3140,146.1000061,2431,2530,2751
2025-03-10,2813,1431.5,2825,1931.5,1882.5,4184,3526,3766,3116,147,2406,2568,2792
2025-03-11,2770.5,1444,2860,1880,1805.5,3974,3310,3580,2951,147,2409.5,2572,2750
2025-03-12,2750,1427.5,2839.5,1902,1852.5,3992,3429,3680,2919.5,147,2385,2574,2744
2025-03-13,2760,1445,2743,1952,1882.5,4100,3559,3756,3060,147.6000061,2379,2588.5,2780
2025-03-14,2722.5,1430.5,2777,1970,1903.5,4144,3482,3596,2940.5,148,2357,2568,2746
2025-03-17,2750,1450,2820,2020,1946,4252,3598,3700,3040,147.6999969,2405.5,2600.5,2797
2025-03-18,2799,1499,2880,2051.5,1979.5,4280,3621,3800,3078,148.6999969,2425,2796,2954
2025-03-19,2864,1515,2947.5,2110,1985.5,4339,3701,3757,3071,149.3000031,2434,2770,2917
2025-03-21,2851,1493.5,2851,2125,2012,4344,3714,3734,3030,150,2432,2780,2971.5
2025-03-24,2874,1504.5,2941,2200,2049.5,4467,3794,3784,3050,148.8999939,2430,2803,3010
2025-03-25,2916,1514,2970,2200,2030.5,4410,3822,3812,3090,148,2404.5,2793,2979
2025-03-26,2898.5,1500,2948.5,2181,2000,4337,3849,3831,3037,148.3999939,2428.5,2793,2990
2025-03-27,2780,1450,2801.5,2159,2012,4350,3786,3705,3034,148.8000031,2411.5,2785.5,3002
2025-03-28,2725,1393,2750,2152,2003,4344,3853,3693,3113,147.5,2438.5,2748.5,2988
2025-03-31,2630.5,1344,2622,2015.5,1900,4100,3763,3510,2994,145.5,2350,2651,2830
2025-04-01,2649,1355.5,2659.5,2043,1932.5,4121,3807,3528,2992.5,145.1999969,2404.5,2666,2845
2025-04-02,2630.5,1341,2658.5,1991,1870.5,4048,3743,3450,2978,144.5,2340,2640.5,2824
2025-04-03,2500.5,1300,2514,1806,1724.5,3731,3459,3250,2815,140.5,2231.5,2500,2662
2025-04-04,2440,1269.5,2460,1695.5,1588.5,3434,3337,2963,2784.5,142,2277.5,2600,2652
2025-04-07,2250,1167,2218.5,1318.5,1292.5,2697,3000,2625,2571.5,138.5,2282.5,2260,2402.5
2025-04-08,2357.5,1235,2445,1678,1527.5,3235,3079,3080,2675.5,140.6999969,2364,2420,2520
2025-04-09,2378.5,1244,2391,1600,1527,3227,3127,2975.5,2614.5,142.8000031,2365,2437.5,2552
2025-04-10,2615.5,1367.5,2562,1817,1719.5,3660,3530,3339,2911.5,145.6000061,2487,2601,2763.5
2025-04-11,2400,1270,2291,1605.5,1505.5,3219,3222,3038,2687.5,144,2407.5,2435,2556
2025-04-14,2444.5,1324.5,2408,1651,1548,3252,3300,3251,2799.5,147.5,2532,2503,2641
2025-04-15,2526,1390,2445,1674,1588,3383,3409,3287,2835.5,147.8000031,2541,2497,2678
2025-04-16,2497,1372,2440,1700,1624,3430,3377,3314,2854,146.3999939,2520.5,2458,2636.5
2025-04-17,2498.5,1357.5,2415,1647,1574.5,3307,3327,3276,2851.5,148,2540,2451,2600
2025-04-18,2506,1382,2506,1689.5,1619,3451,3461,3400,2885,149,2550,2491.5,2613
2025-04-21,2530.5,1392,2491.5,1674,1601.5,3420,3401,3400,2900,150,2545,2476,2644
2025-04-22,2458.5,1380.5,2420,1645,1560.5,3349,3352,3370,2920.5,148.5,2546,2474,2627
2025-04-23,2561,1415,2505.5,1699,1625,3450,3508,3535,2957,150.8999939,2600,2605,2771
2025-04-24,2627,1422,2547,1706.5,1625,3444,3614,3570,3002,149.1999969,2551,2637,2768
2025-04-25,2699.5,1439,2587.5,1743.5,1650,3510,3575,3670,3100,147.3000031,2513.5,2692.5,2805.5
2025-04-28,2724.5,1448,2661.5,1750,1667,3525,3560,3848,3096,148.1000061,2520,2700.5,2848
2025-04-30,2795.5,1459,2641.5,1800,1683,3550,3730,3675,3138,149.8000031,2550,2742,2890.5
2025-05-01,2727,1442,2575.5,1820,1710,3617,3721,3601,3165,150.1000061,2564,2689,2897
2025-05-02,2798,1495,2650.5,1757,1654,3482,3639,3699,3210,150.3000031,2551.5,2694,2805
2025-05-07,2760.5,1484.5,2684.5,1750,1641.5,3450,3621,3803,3191,152.3999939,2639,2665,2783.5
2025-05-08,2706,1458,2572,1743.5,1677.5,3488,3500,3817,3244,152,2634,2713.5,2848
2025-05-09,2750,1473,2662,1787.5,1696.5,3600,3555,3900,3300,153.1999969,2672,2776.5,2897.5
2025-05-12,2726,1485.5,2700,1833.5,1727,3722,3630,3931,3348,153.8999939,2679,2778,2900.5
2025-05-13,2853.5,1514,2828,1942,1807.5,3890,3640,3930,3365,156.8999939,2626.5,2830,2976
2025-05-14,2830,1507.5,2830,1944.5,1823,3845,3566,3863,3250,152.5,2592,2874,2950
2025-05-15,2709,1445,2561,1945,1816,3849,3598,3859,3267,154.1999969,2571,2849.5,2925
2025-05-16,2642,1395,2564,1955,1772,3771,3680,3896,3332,154.5,2590,2869,2928.5
2025-05-19,2642.5,1407,2633.5,1941.5,1719.5,3650,3598,3815,3317,154.1999969,2564,2921,2985
2025-05-20,2724.5,1418,2671,1977,1746.5,3697,3650,3825,3300,155.3999939,2568,2916,2946
2025-05-21,2700,1452,2664,1992,1775,3927,3706,3879,3244,154,2557,2920,2940
2025-05-22,2633,1418,2668.5,1969,1782.5,3922,3650,3755,3209,152,2526.5,2915,2973
2025-05-23,2647,1422,2601.5,1950,1792,3898,3667,3753,3292,151.1000061,2510,2935,2940
2025-05-26,2624,1418,2637,1942.5,1807,3885,3700,3800,3320,151.3999939,2500,2920,2953
2025-05-27,2609,1405,2609,1945,1785.5,3894,3740,3874,3301,152.1000061,2534,2915,2932
2025-05-28,2680,1437,2689.5,2005,1834.5,4000,3879,3945,3349,153,2529,2950,2985
2025-05-29,2707,1446,2680,1982,1818.5,3980,3880,4024,3335,155,2500,2913,2997.5
2025-05-30,2668.5,1450,2685,1986,1817.5,3959,3845,4000,3271,155.6999969,2480,2894,2988
2025-06-02,2737.5,1464.5,2642.5,1999.5,1832.5,3983,3810,3962,3374,160,2484,2935,3000
2025-06-03,2681.5,1420.5,2643.5,1992.5,1811,3936,3858,3952,3531,158,2451,2925.5,2983
2025-06-04,2730,1425,2661,1983,1832,3985,3850,3948,3406,158.8999939,2448.5,2865.5,2980
2025-06-05,2685,1398,2572.5,1965,1811,3950,3815,3961,3333,158,2407,2868,2963
2025-06-06,2630.5,1393,2503.5,1965.5,1807,3932,3760,4003,3372,157.6999969,2412,2861.5,2958
2025-06-09,2670,1406,2554,1981,1823,4018,3899,4090,3412,158.5,2416.5,2875,2979
2025-06-10,2653,1408.5,2545,1983,1830,4026,3875,4120,3487,158.8999939,2437.5,2850,2945
2025-06-11,2670,1403.5,2577,1965,1814,3969,3816,4143,3490,157.5,2450,2873,2937.5
2025-06-12,2645,1412.5,2552.5,1965,1795,3967,3794,4120,3479,156.5,2441.5,2855,2930
2025-06-13,2586,1400.5,2472,1957.5,1814,3994,3743,4030,3455,155.1000061,2450,2857,2915
2025-06-16,2580.5,1416,2506.5,1945.5,1799,3892,3740,4000,3455,155,2425.5,2888,2955.5
2025-06-17,2535,1435.5,2509,1951,1805,3939,3742,4014,3470,154.5,2430.5,2872.5,2970
2025-06-18,2525,1434.5,2526,1941,1791.5,3930,3704,3986,3460,152.5,2431.5,2840,2951
2025-06-19,2556,1445,2595,1961,1802.5,3983,3740,4057,3520,154,2445,2873.5,2976
2025-06-20,2511,1430.5,2540,1951.5,1784.5,3953,3689,4065,3454,153.8000031,2432,2838.5,2918
2025-06-23,2500,1420,2506.5,1957.5,1790,3929,3579,3953,3372,152,2404.5,2827.5,2918
2025-06-24,2528.5,1411,2511,1968,1810,3959,3669,4045,3368,151.1000061,2441,2829,2915
2025-06-25,2504,1402,2470,1977,1810.5,4020,3619,4072,3392,151.1999969,2420,2800.5,2893
2025-06-26,2441,1380.5,2455,1943,1785,3970,3647,4134,3380,149.3000031,2404,2771,2866.5
2025-06-27,2499,1400,2529,1978,1802.5,3964,3730,4153,3428,149.3000031,2418,2850,2899
2025-06-30,2535,1423.5,2576,2000,1826,4005,3806,4290,3510,152.8000031,2450,2879,2955
2025-07-01,2490,1394.5,2478,1971,1817,4010,3730,4241,3514,155.1999969,2497,2865,2921
2025-07-02,2450,1399,2436.5,1969,1801,4027,3648,4130,3426,152.3000031,2467,2875,2930
2025-07-03,2465.5,1422,2469,1980,1825,4009,3666,4131,3393,153.6000061,2470,2897.5,2947
2025-07-04,2524,1459,2532,2003.5,1850,4049,3705,4110,3388,154.1000061,2473.5,2946,3035
2025-07-07,2500,1440,2500,2009,1846,4037,3669,4016,3445,155.3999939,2484.5,2919,3000
2025-07-08,2456,1424.5,2457,1956,1785,3930,3656,3959,3418,155,2479,2911.5,3007
2025-07-09,2499,1461.5,2515,1980,1804,3989,3749,4117,3329,156.8999939,2460,2895,3045
2025-07-10,2479,1481,2533,1976,1795.5,4000,3636,4080,3285,154.5,2448.5,2874.5,3054
2025-07-11,2501.5,1499,2560.5,1980,1802,4005,3655,4117,3244,153.3000031,2445,2889.5,3046
2025-07-14,2512,1509,2600,1988,1813.5,4038,3548,4050,3200,152,2419,2910.5,3059
2025-07-15,2550,1533.5,2588,2004.5,1824,4071,3615,4149,3244,151,2413,2898.5,3030
2025-07-16,2547.5,1526,2575,1989,1811.5,4078,3566,4181,3190,150.6999969,2420.5,2862,2990
2025-07-17,2500,1487.5,2472,1972,1795,4114,3598,4157,3237,150.1000061,2428,2851,2967.5
2025-07-18,2528,1501,2554,1981,1824.5,4127,3615,4300,3278,150.3999939,2478.5,2898.5,2998
2025-07-22,2496.5,1487,2500,1981,1811,4140,3609,4368,3202,151.8999939,2463.5,2885.5,2984.5
2025-07-23,2660,1560,2734,2044.5,1867.5,4300,3638,4480,3175,151.5,2473.5,2951,3098
2025-07-24,2850,1650,2988.5,2143,1963.5,4532,3784,4500,3240,152.8999939,2494.5,3034,3181
2025-07-25,2816,1634,2948.5,2153.5,1983,4523,3731,4585,3233,153.1000061,2520,3039,3160
2025-07-28,2809,1639,2854,2150,1981,4540,3714,4595,3250,152.3999939,2523,3035,3130
2025-07-29,2780,1640,2860,2098,1938,4402,3618,4499,3181,151.5,2472,2968,3070
2025-07-30,2740,1601,2790,2080,1904,4357,3575,4497,3256,151.1000061,2466,2955.5,3047
2025-07-31,2750,1590,2825.5,2084,1916,4390,3630,4661,3190,152,2479.5,2973,3083
2025-08-01,2715,1574,2802.5,2080,1897.5,4402,3682,4368,3313,152.3999939,2522,3000,3110
2025-08-04,2642,1543,2732.5,2045,1841.5,4242,3552,4102,3323,153.6000061,2465.5,2981,3055
2025-08-05,2671.5,1535,2744.5,2050,1875,4340,3634,4150,3450,153,2420,2986,3107
2025-08-06,2705,1554.5,2805,2065.5,1878.5,4425,3624,4120,3480,154,2483.5,3007,3110
2025-08-07,2723,1567,2813.5,2078.5,1890,4460,3667,4151,3531,153.5,2509,3075,3126
2025-08-08,2699.5,1564,2949.5,2128,1915,4529,4000,4266,3528,157.8000031,2531,3095,3180
2025-08-12,2802,1620,3030,2164.5,1947.5,4630,4028,4253,3530,160.5,2585,3140,3287
2025-08-13,2899.5,1651,3106,2240,2000,4728,4057,4336,3550,164,2631,3200,3319
2025-08-14,2850,1644,3002,2206.5,2003,4691,4104,4250,3509,164,2606,3153,3275
2025-08-15,2855,1641.5,2959,2270,2064.5,4785,4128,4240,3532,162.5,2602.5,3144,3250
2025-08-18,2864,1643,2952.5,2352.5,2132.5,4936,4222,4259,3500,164,2654,3183,3282
2025-08-19,2942,1663,2950,2314,2098,4898,4177,4285,3598,164.1000061,2653,3223,3291
2025-08-20,2940,1678,3000,2260,2052.5,4778,4157,4217,3565,166,2660,3205,3311
2025-08-21,2936,1675,2969,2259,2050,4804,4136,4150,3576,165,2670,3201,3301
2025-08-22,2926,1675,2930,2279.5,2059,4806,4130,4128,3578,163,2652,3225,3322
2025-08-25,2993,1699,3010,2322,2084,4887,4249,4150,3595,162.8999939,2663.5,3260,3361
2025-08-26,2940,1682,3004,2278,2057.5,4844,4148,4051,3577,159.3000031,2606,3290,3407
2025-08-27,2903,1667.5,2966,2270,2050,4879,4076,4068,3660,156.5,2572.5,3255,3358
2025-08-28,2901,1659,2938,2235,2021,4835,4069,4020,3493,156.5,2583,3224,3332
2025-08-29,2904.5,1650,2955.5,2256.5,2028.5,4890,4103,4100,3541,156.3000031,2586,3325,3405
2025-09-01,2872,1642,2927,2251,2020.5,4880,4060,4010,3554,155.8000031,2552,3354,3414
2025-09-02,2858,1667,2970,2250,2009.5,4818,4026,3962,3510,158.3000031,2578,3368,3435
2025-09-03,2855,1660.5,2992,2266,2033.5,4815,4010,3900,3550,159.8000031,2576.5,3460,3560
2025-09-04,2874,1657,3023,2215,1992,4677,4060,3860,3479,157.8000031,2530,3357,3559
2025-09-05,3000,1705,3153,2260,2035.5,4839,4120,3864,3538,159.5,2527,3431,3722
2025-09-08,2978,1700,3099,2272.5,2029,4818,4157,3963,3558,159.6999969,2537.5,3466,3733
2025-09-09,2980,1700,3158,2290,2042.5,4896,4254,3950,3664,159.1000061,2511,3497,3731
2025-09-10,2929,1691,3135,2288,2025,4833,4215,3970,3649,160,2477.5,3437,3670
2025-09-11,2880,1666,3100,2305,2058.5,4888,4210,4017,3745,162.3999939,2470,3452,3640
2025-09-12,2897.5,1666,3115,2298,2057,4855,4382,4130,3810,162.3000031,2509,3474,3665
2025-09-16,2900,1663,3136,2285,2050,4868,4286,4088,3770,160.3999939,2495,3445,3688
2025-09-17,2930,1655.5,3080,2276.5,2034,4818,4234,3986,3688,160.5,2487.5,3470,3671
2025-09-18,2966.5,1675,3105,2292,2034,4800,4300,3970,3688,160.6999969,2530,3467,3652
2025-09-19,2957.5,1650,3095,2295,2050,4775,4446,3960,3694,159.8999939,2496,3565,3700
2025-09-22,2923,1635,3062,2366.5,2082.5,4868,4200.461914,3841,3689,158.1999969,2460,3579,3724
2025-09-24,2955,1667,3116,2365.5,2092,5017,4082.314941,3888,3614,158.1999969,2484.5,3600,3800
2025-09-25,2955,1666.5,3167,2370,2103,5050,4217.751465,4100,3646,158.6000061,2458,3563,3815
2025-09-26,2978,1658.5,3145,2375,2109.5,5070,4350.306641,3984,3571,157.8000031,2460,3579,3796
2025-09-29,2920,1610.5,3076,2350,2085,5008,4230,3928,3530,157.6999969,2414,3555,3730
2025-09-30,2860,1551,3017,2340,2070,4944,4300,3955,3452,155.6000061,2375.5,3506,3710
2025-10-01,2826.5,1520,3002,2358,2061.5,4919,4329,3883,3471,155.3000031,2351,3480,3676
2025-10-02,2798,1495,2974,2300,2002.5,4777,4205,3895,3408,154.8000031,2329,3450,3637
2025-10-03,2806,1494,2898.5,2262.5,1999.5,4725,4158,4120,3425,153.3000031,2315,3472,3654
2025-10-06,3010,1627,3152,2263,2012,4730,4447,4500,3899,157.8000031,2403,3605,3797
2025-10-07,3000,1591.5,3070,2330,2045,4795,4506,4520,3863,156.1999969,2375,3531,3730
2025-10-08,3050,1597,3115,2307.5,2050,4791,4550,4503,3859,155.3999939,2413.5,3600,3730
2025-10-09,3000,1590,3147,2361,2060.5,4875,4611,4600,4000,153.3000031,2373,3585,3765
2025-10-10,2926.5,1560,3090,2340,2033,4840,4600,4555,3925,153.1000061,2397.5,3596,3770
2025-10-14,2848.5,1520,3000,2246.5,1962.5,4686,4397,4360,3786,151.6000061,2337,3521,3664
2025-10-15,2898,1554,3058,2259,1957.5,4655,4339,4310,3725,153,2369.5,3563,3720
2025-10-16,2964,1543.5,3118,2307,2019.5,4761,4377,4605,3801,154.3999939,2365,3620,3748
2025-10-17,2920,1520,3092,2251,1966.5,4646,4301,4534,3750,156.1999969,2340,3543,3628
2025-10-20,2988.5,1545,3150,2277,1985,4666,4354,4550,3750,159,2395,3614,3688
2025-10-21,3017,1568,3200,2339.5,2051.5,4920,4400,4555,3811,159.1999969,2429.5,3650,3720
2025-10-22,3075,1590,3250,2290,2025,4859,4405,4398,3766,160.3999939,2420.5,3628,3725
2025-10-23,3100,1607,3282,2270,2042.5,4876,4356,4380,3798,159.8000031,2441,3680,3728
2025-10-24,3110,1596,3271,2270,2026.5,4881,4389,4477,3900,160.1000061,2450,3708,3768
2025-10-27,3170,1630,3318,2260,2050,4950,4424,4700,3918,161,2443.5,3735,3830
2025-10-28,3220,1628.5,3398,2272.5,2050.5,4963,4402,4750,3888,161.8999939,2463,3772,3850
2025-10-29,3176,1599,3320,2270,2057,5031,4392,4850,3840,159.6000061,2446.5,3670,3778
2025-10-30,3148,1586,3280,2295.5,2062,5071,4283,4890,3948,158.3000031,2422.5,3665,3741
2025-10-31,3190,1589,3303,2337.5,2066,5099,4350,5300,4129,159.8000031,2489.5,3710,3810
2025-11-04,3150,1578.5,3300,2318.5,2081.5,5132,4410,5159,4060,158.6000061,2446.5,3700,3750
2025-11-05,3150,1594,3323,2315,2059.5,5070,4307,5121,3930,154.1000061,2462,3498,3712
2025-11-06,3110,1579.5,3305,2312.5,2055,5050,4314,5200,3919,151,2476.5,3576,3929
2025-11-07,3090,1565.5,3265,2304,2069.5,5055,4300,5128,3912,150.6000061,2533,3600,4014
2025-11-10,3133,1505,3330,2330,2101.5,5096,4320,5138,3993,151.1000061,2580,3650,4079
2025-11-11,3148,1510,3341,2350,2114,5141,4354,5225,4249,151.5,2635,3670,4037
2025-11-12,3176,1538.5,3465,2350,2109,5138,4644,5120,4266,152.5,2668,3658,3972
2025-11-13,3200,1544.5,3535,2430,2166.5,5240,4650,5292,4200,152.1000061,2650,3711,4052
2025-11-14,3155,1560,3510,2424.5,2150,5240,4599,5100,4137,150.8000031,2645,3720,4075
2025-11-17,3150,1539,3476,2423.5,2270,5400,4560,5099,4155,151.1999969,2618,3724,4093
2025-11-18,3106,1512,3426,2401,2240,5200,4560,5050,4121,153,2657.5,3673,4043
2025-11-19,3074,1508,3333,2352,2205,5085,4377,4800,3959,152.1000061,2629.5,3592,3990
2025-11-20,3095,1519.5,3372,2398.5,2230.5,5123,4572,5050,4060,152.8999939,2660,3645,4019
2025-11-21,3035,1507,3284,2345,2175,5059,4427,4753,4035,152.6999969,2683,3575,3975
2025-11-25,3150,1538.5,3486,2400,2259.5,5216,4462,4770,4149,152.3999939,2683,3665,4044
2025-11-26,3129,1558.5,3455,2397,2245.5,5339,4450,4785,4162,153.3999939,2659,3686,4059
2025-11-27,3155,1566,3491,2450,2343.5,5500,4586,4923,4194,155.8999939,2725,3690,4135
2025-11-28,3140,1566,3476,2407.5,2328,5460,4571,4958,4190,154.6999969,2710,3670,4115
2025-12-01,3132,1571,3511,2450,2392.5,5510,4505,4977,4146,156,2685,3710,4147
2025-12-02,3085,1535,3413,2500,2450.5,5588,4440,4864,4136,156.3999939,2683,3668,4103
2025-12-03,3030,1510,3358,2515.5,2434.5,5649,4442,4934,4133,155.8000031,2666,3684,4132
2025-12-04,3028,1514.5,3333,2460.5,2404.5,5563,4400,4885,4137,154.3999939,2650,3688,4135
2025-12-05,3053,1519.5,3346,2510,2452.5,5613,4316,4855,4073,155,2669,3801,4258
2025-12-08,3050,1530,3315,2508,2452,5650,4285,4835,4025,154.1000061,2679.5,3760,4219
2025-12-09,3076,1527,3317,2509.5,2459,5680,4321,4919,4098,154.3000031,2688,3819,4284
2025-12-10,3089,1580,3413,2450,2420,5600,4326,4945,4165,154.8999939,2700,3795,4332
2025-12-11,3148,1587,3420,2481,2452,5684,4174,4955,4101,155.6999969,2710,3771,4403
2025-12-12,3191,1584,3480,2457.5,2454.5,5640,4100,4946,4159,155.1000061,2684.5,3766,4580
2025-12-15,3243,1602.5,3517,2513,2502.5,5748,4142,4900,4178,155.8000031,2698,3770,4607
2025-12-16,3380,1620,3625,2572.5,2557,5860,4203,4906,4227,155,2702,3700,4628
2025-12-17,3346,1579,3540,2451,2463.5,5686,4019,4859,4230,154.5,2731,3601,4505
2025-12-18,3350,1584.5,3480,2434,2456,5618,4005,4819,4165,155.5,2682,3600,4469
2025-12-19,3389,1536,3452,2425,2464.5,5617,4047,4888,4249,157,2716,3628,4507
2025-12-22,3494,1573,3507,2499,2541.5,5756,4013,5018,4307,157.3000031,2714,3649,4570
2025-12-23,3479,1579,3534,2500,2535,5734,4020,5038,4283,154.6999969,2694,3600,4559
2025-12-24,3418,1568,3443,2512,2563.5,5770,4030,4980,4287,156,2737,3565,4598
2025-12-25,3377,1560,3425,2490,2561,5740,4041,4988,4299,156.5,2733.5,3513,4563
2025-12-26,3377,1555,3408,2489,2543,5706,4065,4999,4282,157.3999939,2721.5,3519,4561
2025-12-29,3386,1540,3405,2486,2544.5,5658,4041,4929,4246,159,2749.5,3539,4595
2025-12-30,3370,1533,3374,2488.5,2545,5682,4026,4892,4300,158.8999939,2719.5,3566,4683
2026-01-05,3411,1549.5,3448,2518.5,2580,5780,4043,5049,4362,157.8999939,2710,3620,4713
2026-01-06,3488,1564.5,3445,2590,2620.5,6001,4062,5368,4392,159.5,2722.5,3686,4800
2026-01-07,3350,1534,3347,2657,2648.5,6143,4045,5345,4317,159.3999939,2694.5,3744,4784
2026-01-08,3301,1530,3310,2591,2575.5,6090,3970,5243,4442,158.5,2680,3770,4824
2026-01-09,3322,1560,3355,2617.5,2573.5,6147,3860,5051,4370,157.8000031,2704,3739,4780
2026-01-13,3500,1590,3509,2742,2679,6504,3828,5321,4465,159.8999939,2719,3852,5000
2026-01-14,3620,1610.5,3574,2800,2744,6575,3905,5353,4580,158.6999969,2721,4000,5012
2026-01-15,3639,1617,3553,2880,2777.5,6700,3905,5400,4634,158.6000061,2714,4055,5033
2026-01-16,3675,1628.5,3553,2980,2842.5,6790,3870,5285,4590,158.6999969,2661,4100,5129
2026-01-19,3600,1620,3505,2971.5,2808.5,6849,3783,5111,4551,157.6000061,2640,4055,5132
2026-01-20,3590,1627,3528,2964.5,2830,6856,3770,5221,4494,158,2694,4100,5082
2026-01-21,3506,1600,3420,2873,2750,6680,3706,5098,4360,159.8000031,2683.5,4020,5015
2026-01-22,3630,1636,3500,2882.5,2747.5,6738,3704,5317,4403,159,2683.5,4116,5190
2026-01-23,3635,1640,3491,2824,2710.5,6650,3600,5350,4405,157.1999969,2693,4087,5168
2026-01-26,3500,1550.5,3341,2739,2678.5,6550,3505,5175,4240,157.5,2646.5,3950,5002
2026-01-27,3496,1551.5,3260,2734,2700,6500,3535,5145,4080,157.8000031,2660,3980,4970
2026-01-28,3368,1530,3185,2745,2700,6625,3420,5146,4045,155,2601,3991,4953
2026-01-29,3369,1505.5,3203,2771.5,2705.5,6649,3371,5145,4040,154,2580,4066,4982
2026-01-30,3456,1539,3262,2785,2725,6648,3459,5277,4285,154.8000031,2615,4070,5101
2026-02-02,3600,1595,3432,2854.5,2775,6858,3400,5361,4380,156.6999969,2656.5,4155,5109
2026-02-03,3621,1562,3408,2822.5,2741.5,6800,3505,5389,4430,156.8000031,2688,4134,5065
2026-02-04,3656,1590,3488,2884,2774.5,6977,3314,5330,4343,156,2714,4250,5117
2026-02-05,3800,1645,3628,2947.5,2835,7300,3250,5080,3981,154.6999969,2818,4420,5220
2026-02-06,3669,1640,3524,2813,2792,7090,3418,5206,3897,154.6999969,2784.5,4555,5023
2026-02-09,3999,1719,3350,3050,3055,7572,3622,5667,4000,153,2520,4863,5376
2026-02-10,3727,1621,3069,3000,3001,7650,3457,5888,4075,153.1000061,2562,4975,5364
2026-02-12,3682,1605,3200,3027,3049.5,7751,3561,5644,4056,154,2622,5060,5595
2026-02-13,3760,1600,3135,3015,3068,7716,3576,5375,3932,154.5,2711.5,5164,5707
2026-02-16,3759,1600,3180,3000,2986.5,7588,3560,5108,3799,154.8000031,2713.5,5080,5658
2026-02-17,3682,1580,3100,2911,2902,7270,3602,5060,3751,154.8000031,2708,4943,5622
2026-02-18,3758,1588,3093,2942.5,2951.5,7119,3468,4947,3653,153.6000061,2670,4900,5452
2026-02-19,3730,1580,3064,2961,2989,7100,3501,5050,3725,153,2650,4920,5498
2026-02-20,3710,1573,3025,2979.5,3022.5,7265,3401,4992,3700,152.6000061,2600,4977,5557
2026-02-24,3676,1556,2951,2907.5,2940,7051,3260,4900,3449,152,2634.5,5108,5515
2026-02-25,3697,1552,2907,2888,2895,6850,3324,5023,3340,151.8000031,2640.5,5151,5587
2026-02-26,3780,1557.5,2945,2880,2917,6789,3337,5030,3420,152,2672.5,5200,5750
2026-02-27,3740,1575,2950,2934.5,2943,6983,3629,5200,3616,152.5,2684.5,5139,5689
2026-03-02,3685,1552,2900,2822.5,2845.5,6751,3578,5100,3500,152.5,2687,5123,5746
2026-03-03,3800,1545,2849,2808.5,2842.5,6638,3481,4941,3462,152,2642,5415,6030
2026-03-04,3660,1480,2719,2692,2637.5,6335,3368,4815,3408,150.6999969,2657,5073,5670
2026-03-05,3600,1477,2721,2745,2701.5,6553,3459,5000,3579,152.1000061,2697,5100,5864
2026-03-06,3490,1431.5,2679,2696,2646,6382,3358,4790,3566,150.3999939,2629,5061,5804
2026-03-09,3299,1413.5,2600,2579,2525,6052,3220,4567,3588,150.5,2609,4800,5631
2026-03-10,3463,1465,2684,2715,2655,6296,3398,4915,3675,154,2760,4988,5822
2026-03-11,3501,1485,2740,2738,2700,6480,3455,4948,3600,154.3000031,2716,5233,6020
2026-03-12,3510,1458.5,2690,2677,2640,6300,3406,4800,3511,155.6999969,2642,5181,5900
2026-03-13,3360,1364,2649,2592,2493.5,5950,3360,4786,3504,156,2580,4996,5599
2026-03-16,3370,1355,2600,2624.5,2535,6036,3431,4801,3520,155.3999939,2620,5311,5868
2026-03-17,3377,1339,2563.5,2670,2590,6195,3384,4880,3537,156.5,2651,5272,6100
2026-03-18,3359,1337,2590.5,2695,2597,6272,3200,4849,3500,157.8000031,2661,5500,6400
2026-03-19,3360,1327.5,2569,2690,2594,6120,3255,4803,3340,157.1000061,2633,5512,6459
2026-03-23,3278,1287,2480,2551,2500,5890,3201,4730,3270,157.6999969,2660.5,5198,6002
2026-03-24,3321,1308,2546.5,2614.5,2561,6150,3262,4907,3338,157.5,2679.5,5430,6097
2026-03-25,3389,1322,2626.5,2718,2650,6388,3288,4880,3273,157,2720,5596,6342
2026-03-26,3383,1310,2585.5,2739,2665,6469,3271,4853,3330,157.3999939,2706,5613,6353
2026-03-27,3355,1318.5,2570,2680.5,2594.5,6330,3180,4709,3305,159.5,2738.5,5672,6389
2026-03-30,3204,1262.5,2451.5,2599,2483.5,6007,3176,4484,3091,155,2650,5507,6180
2026-03-31,3200,1266,2490,2575,2477.5,6035,3190,4465,3191,156,2746,5580,6119
2026-04-01,3280,1282.5,2569,2710,2640.5,6387,3349,4720,3300,156.6000061,2652.5,5450,6159
2026-04-02,3365,1291.5,2578,2841,2777.5,6709,3398,4802,3338,156.3000031,2670,5555,6391
2026-04-03,3277,1259.5,2528,2781,2718,6520,3354,4800,3273,155.3999939,2700,5449,6362
2026-04-06,3255,1269,2544.5,2778.5,2696,6484,3327,4805,3270,158,2748,5440,6396
2026-04-07,3235,1260,2506,2800,2706,6524,3317,4718,3267,157.6999969,2777,5441,6422
2026-04-08,3392,1270,2579,2930,2850,6839,3451,4954,3415,157,2762.5,5650,6674
2026-04-09,3398,1290,2582,2896,2819.5,6922,3355,4945,3442,155.3999939,2695,5450,6431
2026-04-10,3345,1271,2533.5,2851,2776,6791,3375,4830,3310,154.1000061,2695,5438,6461
2026-04-13,3295,1258,2511,2847.5,2775,6770,3233,4880,3291,153.3999939,2611,5360,6310
2026-04-14,3355,1269,2538,2889.5,2812.5,6835,3301,4930,3450,152.6000061,2610,5330,6250
2026-04-15,3355,1267.5,2530,2866,2807.5,6990,3338,5060,3535,152.8999939,2600,5238,6190
2026-04-16,3416,1291,2556,2935,2845,6980,3389,5210,3756,154.5,2634,5015,5890
2026-04-17,3400,1297,2534.5,2920,2830,6853,3414,5167,3667,153,2656.5,5079,5961
2026-04-20,3413,1337,2576,2885,2811.5,6868,3430,5193,3740,153.8000031,2610,5002,5900
2026-04-21,3345,1341,2549,2879.5,2795,6752,3370,5110,3849,153.5,2628,4902,5833
2026-04-22,3220,1326.5,2530.5,2820,2734,6601,3328,5129,3910,152.3000031,2639.5,4820,5753
2026-04-23,3191,1320.5,2498,2794,2702,6593,3317,5185,3846,151.5,2603.5,4760,5637
2026-04-24,3122,1301,2494,2782.5,2691.5,6556,3284,5230,3703,152,2594,4893,5819
2026-04-27,3065,1302,2440,2745,2656.5,6430,3193,5333,3766,151.5,2550,4802,5700
2026-04-28,3131,1293,2490,2821,2735,6659,3248,5200,3743,151.1999969,2546,4850,5789
2026-04-30,3062,1278,2371,2868,2804.5,6918,3231,4947,3273,151.1999969,2588,4916,5825
2026-05-01,3000,1261,2335,2800,2756,6677,3085,4800,3136,151.3000031,2553.5,4991,5863
2026-05-07,3017,1272.5,2371.5,2850,2825,6904,3124,4900,3215,151.6999969,2555,5119,5727
2026-05-08,3020,1277,2373.5,2816.5,2794.5,6790,3088,4844,3310,152.8000031,2575,5348,5537
2026-05-11,2800,1250,2330,2810,2800,6871,3352,4920,3351,150.1999969,2537,5293,5638
2026-05-12,2831,1240,2279.5,2885.5,2875,6941,3395,4892,3362,148.8000031,2510.5,5320,5729
2026-05-13,2884.5,1263.5,2290.5,2875.5,2917.5,6954,3634,4775,3357,150.8000031,2579.5,5684,5960
2026-05-14,2944,1272,2346.5,2920.5,2867.5,7100,3528,4700,3293,150.3000031,2590.5,5935,6188
2026-05-15,3017,1366,2446,2910.5,2874,7021,3548,4690,3264,148.8000031,2640,5879,6117
2026-05-18,2990,1370,2417.5,2979,2879,6512,3589,4755,3329,151.5,2683,5799,6078
2026-05-19,2955,1359.5,2360,3030,2948,6690,3596,4900,3320,152.8000031,2738.5,5508,5950
2026-05-20,3003,1354.5,2460,3162,3044,7090,3676,4883,3393,156,2776,5527,5919
2026-05-21,2964.5,1357,2453,3090,3025,7150,3594,4907,3200,156.1999969,2780,5501,5844
2026-05-22,3020,1385,2480,3098,3022.5,7378,3540,5105,3329,153.8000031,2717.5,5411,5602
2026-05-25,3051,1421,2482.5,3090,3005,7308,3595,5050,3304,152,2684,5400,5525
2026-05-26,3028,1400,2465,3041,3000,7300,3619,5095,3308,151,2627,5271,5431
2026-05-27,3016,1405,2446,3061,3008.5,7283,3492,5100,3440,150,2698,5182,5432
2026-05-28,3039,1445,2475.5,3010,2957,7130,3438,4963,3558,150.5,2722,5067,5308
2026-05-29,3022,1433,2450,2995,2925,7065,3462,5374,3460,151,2685,5000,5300
2026-06-01,3006,1443.5,2440.5,2995,2907.5,7108,3471,5200,3517,149.6999969,2745,4970,5211
2026-06-02,2849.5,1372,2366,3013,2940,7253,3584,5126,3720,148.1000061,2657,4865,5040
2026-06-03,2840,1410,2440,3062,3020,7500,3599,5139,3653,148,2667,4974,5085
2026-06-04,2875,1495,2453,3137,3058,7621,3589,5180,3470,147.6999969,2665,4984,5070
2026-06-05,2872,1495,2487,3210,3142,7822,3580,5146,3625,147.5,2692,4919,5000
2026-06-08,2817,1425.5,2462,3200,3068,7620,3489,5095,3521,145,2701,4824,4955
2026-06-09,2850,1459.5,2530,3197,3090,7661,3524,5113,3535,148.3000031,2700,4870,4930
2026-06-10,2837,1447,2573,3230,3129,7760,3436,4906,3412,148.6000061,2716,4750,4975
2026-06-11,2768,1394.5,2485.5,3113,3063.5,7411,3315,4641,3358,149.3999939,2771,4583,4779
2026-06-12,2792,1429,2518.5,3141,3175,7605,3349,4682,3337,148.5,2798,4627,4845
2026-06-15,2836.5,1445,2512.5,3231,3253,7750,3339,4704,3309,148,2750,4765,4844
2026-06-16,2867,1448,2520,3225,3227.5,7820,3253,4741,3285,146.8999939,2687,4731,4838
2026-06-17,2862.5,1434,2570,3266,3272,7907,3297,4692,3241,146.6999969,2723,4628,4833
2026-06-18,2800,1400,2582.5,3324,3300,8100,3280,4680,3280,147.3000031,2735,4651,4758
2026-06-19,2785,1425.5,2497.5,3370,3351,8252,3180,4805,3292,147.1000061,2720,4510,4700
2026-06-22,2770,1401,2444.5,3242,3235.5,7823,3120,4702,3186,144.3000031,2686,4540,4651
2026-06-23,2745,1400.5,2428,3336,3290.5,8091,3177,4930,3161,144,2612,4636,4760
2026-06-24,2731,1409,2415,3291,3258,7929,3217,4719,3228,143.5,2653,4585,4606
2026-06-25,2700,1398,2370,3275,3215,7814,3232,4714,3232,145,2653.5,4584,4647
2026-06-26,2714,1421.5,2401,3240,3170,7720,3150,4484,3159,143.1000061,2670.5,4424,4480
2026-06-29,2805,1468.5,2430,3245,3207.5,7839,3216,4530,3238,144.6999969,2700,4440,4552
2026-06-30,2775,1480,2421.5,3238,3186.5,7692,3312,4494,3283,146,2704,4388,4503
2026-07-01,2765,1488,2404.5,3215,3173,7750,3280,4550,3236,144,2700,4370,4497
2026-07-02,2759,1484,2442.5,3282,3250,7966,3315,4595,3357,143.8000031,2675,4454,4549
2026-07-03,2839,1537.5,2551.5,3325,3324.5,8028,3390,4711,3427,147.1000061,2750,4492,4659
2026-07-06,2855,1572,2535,3314,3334,8082,3390,4699,3346,146.5,2704,4493,4628
2026-07-07,2950,1596.5,2596,3430,3440,8333,3415,4822,3350,147.5,2714.5,4585,4725
2026-07-08,2926,1550.5,2557,3455,3441.5,8214,3502,4872,3412,148.8000031,2800,4538,4765
2026-07-09,2854,1510,2490.5,3399,3368.5,8150,3398,4750,3295,149.5,2792,4459,4620
2026-07-10,2863.5,1525,2489,3468,3450,8364,3409,4725,3380,149,2811,4441,4600
2026-07-13,2844,1513,2520,3487,3445,8370,3374,4700,3323,148.1000061,2802,4479,4618
2026-07-14,2832,1521.5,2506.5,3511,3451,8374,3367,4724,3330,150,2840,4480,4626
2026-07-15,2857,1514,2492.5,3656,3550,8580,3380,4795,3270,150.3999939,2855,4548,4731
2026-07-16,2876,1512,2500.5,3678,3546,8541,3400,4771,3200,150.5,2850,4553,4765
2026-07-17,2865.5,1540,2530,3614,3515,8342,3438,4688,3315,151.5,2870,4524,4738
2026-07-21,2900,1510,2525,3519,3385,8038,3454,4696,3368,153,2918,4543,4725
2026-07-22,2921.5,1552,2595.5,3599,3510,8400,3400,4789,3181,150.5,2868,4795,4850
2026-07-23,2938,1546,2591,3626,3500,8560,3435,4827,3266,151,2861,4863,4911
2026-07-24,2920,1544,2586,3680,3532.5,8663,3401,4840,3240,150,2846.5,4925,4970
2026-07-27,2921,1563.5,2600,3770,3600,8618,3453,4920,3349,151.5,2916.5,4901,4966
2026-07-28,2972.5,1590,2663.5,3760,3550,8481,3595,4923,3523,155,2999.5,4815,4905
2026-07-29,3085,1640,2730,3645,3428.5,8099,3685,4911,3754,156.3999939,3024,4800,4908
2026-07-30,3181,1688,2850,3560,3365,7800,3809,5200,3888,160,3043,4772,4853
2026-07-31,3032,1605,2717,3595,3395,8264,3693,5299,3512,155.5,2941,4781,4941
2026-08-03,2999,1598.5,2666,3530,3354.5,8138,3598,5181,3695,152.5,2915,4791,4895
2026-08-04,2948,1575,2622,3465,3282.5,7996,3572,5390,3511,153,2919,4616,4804
2026-08-05,2903,1598,2600,3480,3280,8188,3522,5425,3503,150.3000031,2859.5,4694,4764
2026-08-06,2930,1645,2466,3541,3350,8436,3650,5425,3518,150.1999969,2851.5,4635,4666
2026-08-07,2995,1644,2505,3601,3420,8550,3666,5503,3600,154.8000031,2924,4795,4833
2026-08-10,2989.5,1682.5,2568,3550,3375.5,8440,3707,5590,3720,157.8999939,2800,4812,4912
2026-08-12,3010,1689.5,2640,3567,3385,8346,3790,5589,3751,160,2874.5,4925,4950
2026-08-13,3010,1668,2584.5,3657,3465,8635,3758,5677,3700,159.8000031,2859,4852,4916
2026-08-14,2985,1663,2550,3672,3484.5,8775,3750,5670,3800,160,2868.5,4803,4858
2026-08-17,3043,1685,2584.5,3705,3494,8649,3853,5668,3737,163,2880,4796,4860
2026-08-18,3006,1655,2557,3641,3458,8585,3711,5500,3630,160,2822,4715,4793
2026-08-19,3023,1728,2590,3600,3350,8288,3750,5322,3642,161.3999939,2886.5,4790,4810
2026-08-20,3000,1728,2568.5,3450,3275,8017,3742,5273,3711,161.5,2875.5,4654,4753
2026-08-21,3066,1735,2635.5,3460,3251,8047,3739,5263,3690,162,2861,4697,4774
2026-08-24,3132,1751.5,2659,3541,3330,8217,3837,5278,3670,166.5,2910,4750,4899
2026-08-25,3095,1730,2649.5,3490,3286.5,8120,3881,5243,3700,167.3999939,2899,4794,4973
2026-08-26,3071,1698,2611,3555,3366.5,8300,3818,5320,3730,168.6999969,2927,4750,4905
2026-08-27,3104,1680,2610,3590,3391,8332,3827,5361,3716,169.1999969,2880,4708,4866
2026-08-28,3090,1664,2596,3583,3397,8314,3882,5512,3848,168.1999969,2870,4715,4897
2026-08-31,3120,1705,2657,3640,3439,8401,3982,5452,3900,170,2922,4746,4956
2026-09-01,3150,1702.5,2692.5,3651,3447.5,8488,3990,5420,3915,172.6999969,2961.5,4785,5022
2026-09-02,3158,1720,2670,3680,3475,8602,4006,5453,3900,175.1000061,2990.5,4876,5131
2026-09-03,3162,1715.5,2684,3688,3529.5,8702,3920,5377,3798,175,2987,4920,5140
2026-09-04,3126,1735,2660,3790,3590.5,8810,3895,5425,3899,173.1999969,2971,5059,5100
2026-09-07,3110,1704,2640,3760,3500,8774,3835,5418,3860,172.6000061,2982,4928,5050
2026-09-08,3040,1660,2597,3662,3443.5,8600,3760,5300,3782,168,2943,4936,5099
2026-09-09,2950,1591,2524.5,3601,3443,8545,3618,5150,3737,170,2957,4946,5150
2026-09-10,2960,1613,2520,3590,3395,8406,3610,5130,3716,172.8000031,2954,5001,5144
2026-09-11,2950.5,1610,2539.5,3582,3385,8456,3582,5044,3755,174,2980,4901,4993
2026-09-14,3026,1637.5,2618.5,3660,3435,8560,3672,5219,3819,176.1000061,3066,5040,5126
2026-09-15,3025,1681,2650,3713,3467.5,8738,3830,5281,4069,178.3999939,3081,4966,5180
2026-09-16,3043,1694,2648,3668,3431,8562,3766,5263,3987,177.8000031,3098,4963,5143
2026-09-17,3016,1698.5,2643,3637,3442,8566,3721,5399,3918,177.1999969,3079,4973,5205
2026-09-18,3043,1705,2674,3649,3420,8511,3733,5497,4000,180,3091,4990,5235
2026-09-24,3002,1736,2648,3601,3377.5,8415,3657,5582,3839,177,3061,4948,5161
2026-09-25,2990,1737,2642,3610,3389.5,8400,3697,5512,3987,175,3021,4841,5087
2026-09-28,3003,1713,2650.5,3710,3489.5,8700,3665,5490,3993,176.3000031,3035,4870,5087
2026-09-29,2925,1675,2554,3650,3426,8653,3705,5504,4000,172.1000061,2926.5,4740,4938
2026-09-30,2906,1674,2555,3610,3378,8613,3701,5465,3962,171.5,2924,4650,4825
2026-10-01,2900,1665,2540,3653,3438,8879,3733,5460,3959,170.1000061,2903.5,4684,4908
2026-10-02,2884,1674,2525,3569,3333,8524,3722,5455,4014,169.5,2904,4640,4862
2026-10-05,2873.5,1648,2482,3548,3301,8480,3771,5638,4037,169.8000031,2895,4750,4939
2026-10-06,2920,1692.5,2521.5,3615,3389,8721,3753,5682,4084,170.5,2906.5,4756,4960
2026-10-07,2930.5,1695,2530,3657,3457,8800,3756,5712,4076,169.5,2870,4680,4940
