Date,7203.T,7267.T,7270.T,8306.T,8316.T,8411.T,6758.T,6501.T,6702.T,9432.T,9433.T,8058.T,8031.T,CL=F,JPY=X,^GSPC,^N225
2023-10-10,2624.5,1659,2802.5,1260,1244,2552,2521,1780,1773,176.5,2285,2376.333252,2681,85.97000122,148.3269958,4358.240234,31746.5293
2023-10-11,2651,1675,2848,1253.5,1230.166626,2545.5,2541,1782.400024,1744.5,176.3000031,2302.5,2349.666748,2661.5,83.48999786,148.628006,4376.950195,31936.50977
2023-10-12,2740,1717.5,2862,1263,1234.166626,2582,2621,1866.599976,1739,175.8999939,2276,2413.333252,2715,82.91000366,149.0359955,4349.609863,32494.66016
2023-10-13,2687.5,1682.5,2828.5,1237.5,1215.333374,2526.5,2570,1820,1721.5,175.8999939,2272,2387.333252,2699,87.69000244,149.7899933,4327.779785,32315.99023
2023-10-16,2660,1663,2788.5,1236.5,1209.666626,2514,2522,1806.400024,1705.5,172.1999969,2226.5,2367.666748,2715,86.66000366,149.5659943,4373.629883,31659.0293
2023-10-17,2681,1683,2831,1240,1217.833374,2526.5,2561,1812,1726,173.3999939,2242.5,2380.333252,2733.5,86.66000366,149.5780029,4373.200195,32040.28906
2023-10-18,2669,1675,2806.5,1256.5,1232.833374,2579.5,2554,1799.199951,1730,172.3000031,2245.5,2378,2801,88.31999969,149.7590027,4314.600098,32042.25
2023-10-19,2645,1649.5,2724.5,1238.5,1211.166626,2546,2528,1767.199951,1716,173.3000031,2249,2313,2731,89.37000275,149.7420044,4278,31430.61914
2023-10-20,2617,1632,2683.5,1235,1198.333374,2546,2511,1750,1702,173.6000061,2226,2315.666748,2759,88.75,149.802002,4224.160156,31259.35938
2023-10-23,2610,1612.5,2667.5,1223.5,1192,2522.5,2488,1742.199951,1693,173.3000031,2232.5,2284,2695.5,85.48999786,149.8800049,4217.040039,30999.55078
2023-10-24,2597.5,1607,2657.5,1215.5,1182.666626,2502.5,2512,1763.199951,1693.5,173.5,2227,2286.333252,2674.5,83.73999786,149.7689972,4247.680176,31062.34961
2023-10-25,2640,1620.5,2668,1238.5,1200.833374,2531.5,2520,1755.800049,1704.5,174.8000031,2248.5,2338.666748,2714,85.38999939,149.8540039,4186.77002,31269.91992
2023-10-26,2594.5,1594,2635.5,1226.5,1186.166626,2502,2449,1741,1676,173.5,2228,2302.666748,2664,83.20999908,150.0980072,4137.22998,30601.7793
2023-10-27,2638.5,1595,2645.5,1254.5,1218.333374,2553,2424,1776.800049,1877,175.3999939,2236.5,2351.333252,2740.5,85.54000092,150.3659973,4117.370117,30991.68945
2023-10-30,2574,1527.5,2552,1230,1187,2512,2444,1879,1903,173.6999969,2210.5,2308,2687.5,82.30999756,149.7330017,4166.819824,30696.96094
2023-10-31,2590,1506.5,2559.5,1257,1203.333374,2545.5,2485,1895.400024,1941.5,176.8000031,2243.5,2318.333252,2708.5,81.01999664,149.1109924,4193.799805,30858.84961
2023-11-01,2712,1568.5,2725,1292.5,1241.5,2640,2559,1928.400024,1962.5,178.3000031,2268.5,2398.333252,2739,80.44000244,151.2940063,4237.859863,31601.65039
2023-11-02,2760,1573,2673,1294,1247.666626,2631,2570,1909.400024,1941,177.6000061,2229,2297,2776.5,82.45999908,150.5749969,4317.779785,31949.89062
2023-11-06,2846,1621,2745,1269.5,1223.333374,2550,2617,1939.199951,1977.5,176.8999939,2337.5,2332.666748,2877,80.81999969,149.4490051,4365.97998,32708.48047
2023-11-07,2832,1614,2732.5,1260,1214.666626,2523,2631,1921.800049,1933.5,174.8999939,2292.5,2322.333252,2836,77.37000275,149.9889984,4378.379883,32271.82031
2023-11-08,2757,1608,2716,1207.5,1154.166626,2375.5,2669,1923.199951,1952,168.3000031,2280,2266.666748,2750,75.33000183,150.3959961,4382.779785,32166.48047
2023-11-09,2817.5,1654,2746,1222.5,1154.166626,2420,2648,1956.800049,1964,169.6999969,2289.5,2357,2783.5,75.73999786,150.8639984,4347.350098,32646.46094
2023-11-10,2803,1586,2697,1244.5,1171.833374,2448.5,2594,1979.400024,1969,172.8000031,2310.5,2394.666748,2806.5,77.16999817,151.348999,4415.240234,32568.10938
2023-11-13,2817,1563.5,2718,1253,1178,2479,2531,2011,1945.5,174.1000061,2320,2382.666748,2812.5,78.26000214,151.4689941,4411.549805,32585.10938
2023-11-14,2843.5,1599.5,2772,1284,1192.666626,2553.5,2518,1990.199951,1949.5,174.8000031,2331,2374,2823.5,78.26000214,151.6459961,4495.700195,32695.92969
2023-11-15,2860,1602.5,2778.5,1259,1192,2492.5,2644,2007,1981.5,172.1999969,2323.5,2394.333252,2857.5,76.66000366,150.4850006,4502.879883,33519.69922
2023-11-16,2879,1611,2763,1264,1223.5,2498.5,2641,2009,2007.5,172,2282.5,2372,2833.5,72.90000153,151.2149963,4508.240234,33424.41016
2023-11-17,2892.5,1626,2758.5,1264,1240.5,2533,2617,2080,2063,175.3999939,2325.5,2391.333252,2858.5,75.88999939,150.7050018,4514.02002,33585.19922
2023-11-20,2780,1564.5,2673.5,1276,1244.333374,2562,2586,2043,2060,173.5,2308,2353,2775.5,77.59999847,149.9420013,4547.379883,33388.03125
2023-11-21,2735,1530,2624,1255,1229.833374,2543.5,2579,2044,2066,173.8999939,2299,2322.333252,2695,77.76999664,148.3619995,4538.189941,33354.14062
2023-11-22,2728.5,1542.5,2684,1264.5,1232.833374,2546,2603,2063,2058,173.1000061,2321,2322,2698,77.09999847,148.1519928,4556.620117,33451.82812
2023-11-24,2803,1570,2703.5,1265.5,1223.333374,2532.5,2570,2085,2112.5,172.3999939,2328.5,2357,2717.5,75.54000092,149.6349945,4559.339844,33625.53125
2023-11-27,2770,1545.5,2666.5,1294.5,1249,2576,2562,2077,2117.5,173.3000031,2319,2345,2700,74.86000061,149.5709991,4550.430176,33447.67188
2023-11-28,2755,1526,2651.5,1290,1243.333374,2563.5,2565,2037,2096,173.3000031,2305,2346.666748,2722.5,76.41000366,148.4519958,4554.890137,33408.39062
2023-11-29,2802.5,1505,2582.5,1253.5,1210.666626,2484.5,2547,2001,2098,172,2317,2310.333252,2670.5,77.86000061,147.0630035,4550.580078,33321.21875
2023-11-30,2794.5,1509,2621,1255,1209.666626,2512,2564,2057,2112,173.1000061,2312.5,2295.333252,2696,75.95999908,147.0390015,4567.799805,33486.89062
2023-12-01,2833,1529.5,2660.5,1273,1222.666626,2525,2544,2091,2110,173.1999969,2293.5,2325.666748,2722.5,74.06999969,147.9989929,4594.629883,33431.51172
2023-12-04,2767.5,1489,2597,1244,1200.333374,2466,2510,2079,2114.5,171.5,2297.5,2296,2638.5,73.04000092,146.3930054,4569.779785,33231.26953
2023-12-05,2753.5,1496.5,2659.5,1236.5,1191.666626,2434.5,2526,2034,2104,170.8000031,2297,2283,2602.5,72.31999969,147.3269958,4567.180176,32775.82031
2023-12-06,2827,1527,2718,1244,1199.833374,2453.5,2626,2079,2177,173.3000031,2331,2324,2656,69.37999725,147.1849976,4549.339844,33445.89844
2023-12-07,2794.5,1496.5,2673,1254,1204.666626,2484,2583,2022,2153.5,172.6000061,2305.5,2273.333252,2602.5,69.33999634,147.1840057,4585.589844,32858.30859
2023-12-08,2680.5,1458,2562.5,1257,1206.5,2473,2554,1973.400024,2156.5,170.5,2263,2224.666748,2512.5,71.23000336,144.2779999,4604.370117,32307.85938
2023-12-11,2705.5,1494.5,2598,1280.5,1227.166626,2506,2603,1983.800049,2172,172,2262.5,2279.333252,2619,71.31999969,144.9830017,4622.439941,32791.80078
2023-12-12,2681.5,1477.5,2617,1260,1212.5,2471,2608,2002,2225,171.8999939,2277,2266,2597,68.61000061,146.0850067,4643.700195,32843.69922
2023-12-13,2673.5,1469,2583,1272,1228.666626,2513,2620,2009,2143.5,171.8999939,2270,2245.333252,2604.5,69.47000122,145.2799988,4707.089844,32926.35156
2023-12-14,2571.5,1395.5,2449.5,1227,1164.166626,2420.5,2592,1982.599976,2117,170.3000031,2245,2193.333252,2547.5,71.58000183,142.772995,4719.549805,32686.25
2023-12-15,2600.5,1424,2560,1204.5,1126.666626,2390.5,2673,1971.800049,2073.5,169.8000031,2224,2234.666748,2561.5,71.43000031,142.279007,4719.189941,32970.55078
2023-12-18,2619.5,1424.5,2568,1198.5,1105.833374,2359.5,2615,1970.400024,2086.5,168.8999939,2213,2205,2542,72.47000122,142.3130035,4740.560059,32758.98047
2023-12-19,2640.5,1445.5,2594,1185,1113,2343.5,2626,1987.800049,2114,169,2214.5,2223,2564.5,73.44000244,142.7220001,4768.370117,33219.39062
2023-12-20,2644,1485.5,2655,1187.5,1117.166626,2350,2631,1986.599976,2068,169.3000031,2217,2237.666748,2597.5,74.22000122,143.8890076,4698.350098,33675.94141
2023-12-21,2537.5,1442,2563,1181.5,1109.166626,2323.5,2615,2013,2081.5,170.5,2205.5,2208.666748,2573,73.88999939,143.522995,4746.75,33140.46875
2023-12-22,2516,1446.5,2574,1216,1140,2383.5,2597,2000,2088.5,171.8999939,2209.5,2217.333252,2605.5,73.55999756,142.0700073,4754.629883,33169.05078
2023-12-25,2537,1446.5,2576,1207,1132.333374,2361.5,2624,2014,2100,171.3000031,2212.5,2207,2606,,142.3419952,,33254.03125
2023-12-26,2541,1443,2559,1203.5,1129,2357,2630,2007,2105,170.8000031,2219.5,2212.666748,2618.5,75.56999969,142.2299957,4774.75,33305.85156
2023-12-27,2583,1453,2582,1209.5,1141.166626,2390.5,2668,2040,2127.5,171.6000061,2237.5,2240.333252,2656,74.11000061,142.4609985,4781.580078,33681.23828
2023-12-28,2556,1450,2575,1203.5,1138,2412,2675,2034,2128,171.8999939,2236.5,2245,2660.5,71.76999664,141.3990021,4783.350098,33539.62109
2023-12-29,2590.5,1466,2586,1211.5,1146.666626,2412.5,2682,2034,2127.5,172.3000031,2243,2253.5,2649,71.65000153,141.4299927,4769.830078,33464.17188
2024-01-04,2635,1497,2699,1225,1163.333374,2456.5,2619,2034,2144.5,172.6999969,2273.5,2287.5,2702.5,72.19000244,142.9989929,4688.680176,33288.28906
2024-01-05,2701.5,1530,2765.5,1258,1193.5,2548,2634,2049,2123.5,173.8999939,2297,2353,2721.5,73.80999756,144.7649994,4697.240234,33377.42188
2024-01-09,2694,1517.5,2742.5,1259.5,1187.166626,2506.5,2668,2129,2111,175.1000061,2298,2302.5,2712.5,72.23999786,144.2299957,4756.5,33763.17969
2024-01-10,2745,1533.5,2777,1260,1187.333374,2510,2770,2120,2070,176.8999939,2327.5,2326.5,2748,71.37000275,144.4279938,4783.450195,34441.71875
2024-01-11,2844,1568.5,2871,1281,1206.166626,2551,2868,2209,2074,180.6000061,2425.5,2371.5,2846.5,72.01999664,145.7339935,4780.240234,35049.85938
2024-01-12,2837,1563.5,2850.5,1267.5,1189.5,2518.5,2915,2200,2085.5,180.3999939,2452,2413.5,2908.5,72.68000031,145.0460052,4783.830078,35577.10938
2024-01-15,2849.5,1564,2861,1282,1206.5,2542.5,2884,2255,2067.5,183,2494.5,2442,2958.5,,145.1490021,,35901.78906
2024-01-16,2854.5,1561.5,2837,1284.5,1208.333374,2536.5,2876,2221,2028.5,186.8000031,2484,2474.5,2955,72.40000153,145.7940063,4765.97998,35619.17969
2024-01-17,2856.5,1571.5,2844,1293,1211,2550.5,2883,2235,1946,188,2475.5,2551,2977,72.55999756,147.2460022,4739.209961,35477.75
2024-01-18,2931.5,1594,2878.5,1299,1203.333374,2540.5,2848,2218,1979,188.3000031,2486.5,2545,2932,74.08000183,148.1179962,4780.939941,35466.17188
2024-01-19,2962,1587,2899,1294,1213.333374,2543.5,2905,2240,2010.5,187.1000061,2496.5,2578.5,2966.5,73.41000366,148.128006,4839.810059,35963.26953
2024-01-22,2982,1610,2969,1308,1228.833374,2587.5,2960,2285,2050.5,191.1999969,2535,2602.5,2989,75.19000244,148.1210022,4850.430176,36546.94922
2024-01-23,2991,1597,2964,1315,1234.833374,2585.5,2939,2285,2086.5,189.8000031,2495.5,2575,2973,74.37000275,148.1419983,4864.600098,36517.57031
2024-01-24,2959.5,1587,2919,1384,1284.333374,2693,2907,2277,2127,187.5,2460,2529.5,2952,75.08999634,148.2510071,4868.549805,36226.48047
2024-01-25,2964,1593.5,2910.5,1383.5,1274.166626,2671.5,2871,2277,2093.5,186.3000031,2451.5,2524,2964,77.36000061,147.5910034,4894.160156,36236.46875
2024-01-26,2892.5,1583.5,2901.5,1341,1240,2610,2801,2234,2062.5,183.3999939,2429.5,2477.5,2901.5,78.01000214,147.7230072,4890.970215,35751.07031
2024-01-29,2983.5,1644.5,2972.5,1368,1264,2657.5,2871,2277,2074.5,185,2449.5,2542.5,2955,76.77999878,148.1399994,4927.930176,36026.94141
2024-01-30,2959.5,1627.5,2961,1363.5,1259.833374,2639,2896,2268,2078.5,185.1000061,2440,2529,2968,77.81999969,147.4680023,4924.970215,36065.85938
2024-01-31,3000,1675.5,2991,1395,1283.333374,2702,2939,2335,2084,186.3000031,2448.5,2565,3015.5,75.84999847,147.3690033,4845.649902,36286.71094
2024-02-01,2945,1644.5,2938,1389,1273.166626,2670.5,2878,2357,2108,187.1999969,2448.5,2561.5,3031,73.81999969,146.9960022,4906.189941,36011.46094
2024-02-02,2951.5,1635,2927.5,1392,1270,2686.5,2895,2393,2234,187.5,2461.5,2545,2923,72.27999878,146.451004,4958.609863,36158.01953
2024-02-05,2992,1683.5,2978,1437,1290,2798.5,2895,2386,2346,186.6999969,2408.5,2515.5,2904.5,72.77999878,148.5010071,4942.810059,36354.16016
2024-02-06,3135,1691,3028,1399.5,1271.666626,2720,2851,2366,2315,183.3999939,2345.5,2535,2868,73.30999756,148.6399994,4954.22998,36160.66016
2024-02-07,3260,1710.5,3095,1404,1281.166626,2720,2860,2344,2299.5,183.3999939,2299.5,2782,2920,73.86000061,147.8179932,4995.060059,36119.92188
2024-02-08,3350,1734,3231,1384,1263.333374,2675.5,2865,2399,2297.5,179.3000031,2256,2749,2933,76.22000122,148.0859985,4997.910156,36863.28125
2024-02-09,3323,1703.5,3210,1386,1260.833374,2660.5,2847,2416,2293,180.8000031,2233.5,2770,2931,76.83999634,149.2590027,5026.609863,36897.42188
2024-02-13,3456,1719,3348,1410.5,1280.333374,2705.5,2947,2471,2307.5,181,2273.5,2889.5,3059,77.87000275,149.4049988,4953.169922,37963.96875
2024-02-14,3385,1689.5,3277,1409,1283.666626,2683,2932,2405,2276.5,181.3000031,2266,2914.5,3003.5,76.63999939,150.723999,5000.620117,37703.32031
2024-02-15,3382,1721.5,3339,1404,1295,2665,2742,2426,2307,181,2255,2960,3026,78.02999878,150.5440063,5029.72998,38157.94141
2024-02-16,3414,1752,3319,1442,1336.5,2725.5,2695,2434,2363,183.1999969,2292,3047,3133.5,79.19000244,149.9459991,5005.569824,38487.23828
2024-02-19,3430,1744,3358,1497.5,1364.166626,2766.5,2695,2437,2345.5,181.3000031,2300.5,3196,3256,,150.0910034,,38470.37891
2024-02-20,3414,1748,3359,1487.5,1344.666626,2736,2663,2453,2309.5,181.6000061,2311,3129,3185,78.18000031,150.2700043,4975.509766,38363.60938
2024-02-21,3429,1747,3330,1475.5,1333.5,2727,2637,2491,2260,182,2322,3154,3186.5,77.91000366,149.9389954,4981.799805,38262.16016
2024-02-22,3521,1799.5,3343,1490,1345.166626,2738.5,2662,2577,2270.5,180.6000061,2302.5,3250,3248.5,78.61000061,150.3549957,5087.029785,39098.67969
2024-02-26,3565,1785,3340,1515,1366.666626,2755,2607,2542,2290,182,2272.5,3300,3295,77.58000183,150.4980011,5069.529785,39233.71094
2024-02-27,3582,1776.5,3359,1536.5,1401.333374,2797,2586,2561,2323,182.5,2266,3269,3298,78.87000275,150.5659943,5078.180176,39239.51953
2024-02-28,3570,1774,3389,1521,1385,2772,2584,2544,2351,183.5,2277,3216,3272.5,78.54000092,150.4949951,5069.759766,39208.03125
2024-02-29,3621,1782,3404,1542,1390.666626,2801,2589,2533,2338.5,182.3000031,2277,3205,3276.5,78.26000214,150.6560059,5096.27002,39166.19141
2024-03-01,3680,1805.5,3369,1570.5,1408.333374,2838.5,2643,2588,2369,180.6999969,2276.5,3268,3356.5,79.97000122,150.0950012,5137.080078,39910.82031
2024-03-04,3662,1803,3335,1569,1410.166626,2835.5,2605,2632,2378,180.6999969,2265,3258,3354.5,78.73999786,150.1049957,5130.950195,40109.23047
2024-03-05,3729,1798.5,3348,1596.5,1437.166626,2878,2590,2662,2453,180.6999969,2253,3287,3408,78.15000153,150.4660034,5078.649902,40097.62891
2024-03-06,3769,1821,3415,1608,1462.166626,2933.5,2591,2616,2458,182.1000061,2270.5,3287,3425,79.12999725,150.048996,5104.759766,40090.78125
2024-03-07,3660,1752.5,3256,1616.5,1486.333374,2998.5,2587,2605,2483,184.1000061,2319,3263,3372,78.93000031,149.2689972,5157.359863,39598.71094
2024-03-08,3610,1765,3152,1632,1519.333374,3150,2594,2599,2434,185.5,2323.5,3312,3381,78.01000214,147.8679962,5123.689941,39688.94141
2024-03-11,3498,1725,3069,1568,1462,3002,2549,2497,2431,182.3999939,2282.5,3235,3261,77.93000031,146.7740021,5117.939941,38820.48828
2024-03-12,3475,1725,3110,1534.5,1431.333374,2929,2586,2467,2426,180.8999939,2256.5,3195,3148.5,77.55999756,146.7319946,5175.27002,38797.51172
2024-03-13,3444,1732.5,3105,1530.5,1439.333374,2918.5,2600,2462,2469,180.6000061,2225,3187,3132,79.72000122,147.6190033,5165.310059,38695.96875
2024-03-14,3445,1752,3141,1520,1435.333374,2899,2611,2491,2424.5,181.8000031,2226,3195,3175,81.26000214,147.6210022,5150.47998,38807.37891
2024-03-15,3488,1782.5,3169,1504.5,1417.833374,2910,2613,2491,2445,180.5,2255,3308,3254,81.04000092,148.2960052,5117.089844,38707.64062
2024-03-18,3567,1830.5,3267,1533.5,1447.833374,2966,2666,2540,2513,180.8999939,2277,3420,3322.5,82.72000122,148.9550018,5149.419922,39740.44141
2024-03-19,3675,1864,3376,1527.5,1446.166626,2951.5,2692,2614,2534,182.1000061,2310.5,3449,3384.5,83.47000122,149.1439972,5178.509766,40003.60156
2024-03-21,3799,1890,3411,1572.5,1485.333374,3043,2685,2737,2570,180.1999969,2270,3551,3554,81.06999969,150.7599945,5241.529785,40815.66016
2024-03-22,3872,1921.5,3473,1602,1515.833374,3099,2690,2756,2604,183.5,2292.5,3572,3572.5,80.62999725,151.6329956,5234.180176,40888.42969
2024-03-25,3830,1879,3430,1580.5,1491.833374,3044,2610,2763,2512.5,183,2257,3549,3561,81.94999695,151.3049927,5218.189941,40414.12109
2024-03-26,3850,1880,3463,1565.5,1487.833374,3045,2622,2760,2472,184.1999969,2273.5,3522,3543.5,81.62000275,151.3730011,5203.580078,40398.03125
2024-03-27,3853,1898,3488,1571,1510.166626,3074,2641,2804,2478,184,2285.5,3538,3563.5,81.34999847,151.5299988,5248.490234,40762.73047
2024-03-28,3806,1863.5,3426,1535,1472,2988,2586,2751,2417.5,180,2234,3483,3521.5,83.16999817,151.2870026,5254.350098,40168.07031
2024-03-29,3799,1893.5,3458,1550,1482.333374,3032,2594,2787,2493,179.8999939,2244.5,3495,3558,,151.4400024,,40369.44141
2024-04-01,3639,1850.5,3369,1495,1433.166626,2937.5,2613,2678,2464,176.6999969,2226.5,3422,3462,83.70999908,151.397995,5243.77002,39803.08984
2024-04-02,3633,1843.5,3346,1494.5,1431.5,2923.5,2606,2705,2475.5,177.3999939,2225.5,3449,3459.5,85.15000153,151.5809937,5205.810059,39838.91016
2024-04-03,3620,1829.5,3395,1510.5,1459,2930.5,2601,2704,2446.5,177.3000031,2211,3438,3461,85.43000031,151.5399933,5211.490234,39451.85156
2024-04-04,3667,1848.5,3461,1549,1474.333374,2966,2605,2767,2424,175,2211,3493,3538,86.58999634,151.5809937,5147.209961,39773.14062
2024-04-05,3619,1835.5,3432,1525.5,1456.833374,2933.5,2556,2773,2384.5,175,2202.5,3472,3535.5,86.91000366,151.2920074,5204.339844,38992.07812
2024-04-08,3698,1863.5,3515,1547.5,1475.333374,2977.5,2560,2780,2468,175.5,2203,3522,3635.5,86.43000031,151.6900024,5202.390137,39347.03906
2024-04-09,3776,1885.5,3536,1547.5,1483,2986,2576,2851,2494.5,176.8000031,2212.5,3631,3757,85.23000336,151.8430023,5209.910156,39773.12891
2024-04-10,3740,1876,3543,1536,1473.666626,2978,2592,2825,2467.5,175.6000061,2186,3579,3665.5,86.20999908,151.7769928,5160.640137,39581.80859
2024-04-11,3781,1873,3565,1562.5,1507,3047,2571,2909,2495,175.3000031,2152.5,3597,3679,85.01999664,152.9640045,5199.060059,39442.62891
2024-04-12,3767,1879,3577,1550,1493.666626,3040,2608,2921,2517.5,175.1999969,2157,3617,3714.5,85.66000366,153.1920013,5123.410156,39523.55078
2024-04-15,3767,1860,3577,1542.5,1489.5,3039,2572,2926,2528.5,174.6000061,2140.5,3634,3735,85.41000366,153.2830048,5061.819824,39232.80078
2024-04-16,3649,1813,3531,1509.5,1438,2975.5,2587,2810,2490,172.3999939,2145,3492,3595,85.36000061,154.2059937,5051.410156,38471.19922
2024-04-17,3597,1789.5,3468,1492.5,1425.166626,2927.5,2533,2776,2493.5,169.8999939,2110,3442,3530.5,82.69000244,154.697998,5022.209961,37961.80078
2024-04-18,3602,1785.5,3461,1517,1435.5,2970.5,2552,2751,2470.5,169.8000031,2117,3467,3582,82.73000336,154.3419952,5011.120117,38079.69922
2024-04-19,3522,1747,3300,1500,1422.666626,2942,2506,2666,2448,167.8999939,2126,3452,3562.5,83.13999939,154.6100006,4967.22998,37068.35156
2024-04-22,3517,1773.5,3307,1546,1449.833374,3019,2506,2659,2463.5,172,2179.5,3477,3636.5,82.84999847,154.6399994,5010.600098,37438.60938
2024-04-23,3511,1764.5,3292,1554.5,1464.5,3030,2499,2643,2468,171.3999939,2192.5,3496,3648,83.36000061,154.8130035,5070.549805,37552.16016
2024-04-24,3618,1789.5,3376,1570,1476.666626,3045,2568,2742,2520.5,171,2177.5,3559,3772.5,82.80999756,154.7440033,5071.629883,38460.07812
2024-04-25,3497,1746,3276,1551.5,1466,2998,2552,2647,2482.5,169.3999939,2173.5,3497,3691,83.56999969,155.2590027,5048.419922,37628.48047
2024-04-26,3510,1750.5,3322,1552.5,1464.5,2998,2554,2695,2425.5,168.1999969,2190,3529,3759.5,83.84999847,155.5970001,5099.959961,37934.76172
2024-04-30,3638,1812,3532,1579.5,1496.666626,3052,2617,2924,2435.5,170.8000031,2200,3620,3819.5,81.93000031,156.3139954,5035.689941,38405.66016
2024-05-01,3605,1787.5,3507,1563.5,1499,3018,2620,2898,2430,170.5,2201.5,3634,3779,79,157.7220001,5018.390137,38274.05078
2024-05-02,3581,1783,3437,1554,1478.333374,3008,2612,2891,2463,170.3999939,2211,3544,3840.5,78.94999695,155.7039948,5064.200195,38236.07031
2024-05-07,3599,1773.5,3410,1559,1484.5,3006,2536,2934,2455,169.8000031,2189,3467,3872.5,78.37999725,154.2369995,5187.700195,38835.10156
2024-05-08,3579,1750,3327,1551,1466.833374,2995.5,2410,2839,2330,168.1000061,2139,3321,3820,78.98999786,154.7480011,5187.669922,38202.37109
2024-05-09,3528,1748,3341,1583.5,1485.5,3033,2374,2833,2363,167.8999939,2141.5,3331,3890.5,79.26000214,155.4190063,5214.080078,38073.98047
2024-05-10,3425,1736.5,3325,1593,1500,3067,2342,2890,2347,162.3000031,2155,3385,3939.5,78.26000214,155.3890076,5222.680176,38229.10938
2024-05-13,3366,1756,3199,1600.5,1517.333374,3076,2384,2859,2357,160.1999969,2234.5,3373,3938,79.12000275,155.8179932,5221.419922,38179.46094
2024-05-14,3389,1746,3282,1605.5,1526.5,3082,2393,2901,2339.5,159.5,2203.5,3390,3891,78.01999664,156.2330017,5246.680176,38356.05859
2024-05-15,3408,1750.5,3318,1590.5,1533.833374,3099,2590,2875,2330,156.6999969,2158,3393,3909,78.62999725,156.4980011,5308.149902,38385.73047
2024-05-16,3352,1708.5,3253,1522.5,1566.666626,3067,2603,2862,2332.5,154,2160,3376,3937.5,79.23000336,154.2819977,5297.100098,38920.26172
2024-05-17,3436,1727,3220,1553.5,1620.5,3134,2620,2889,2360.5,151.8000031,2166,3372,3984,80.05999756,155.3789978,5303.27002,38787.37891
2024-05-20,3447,1770,3316,1563,1644.833374,3232,2613,2913,2333.5,151.8000031,2189.5,3408,4090,79.80000305,155.7539978,5308.129883,39069.67969
2024-05-21,3437,1745.5,3350,1552,1645,3163,2576,2987,2334.5,153.1999969,2173.5,3414,4179,79.26000214,156.3699951,5321.410156,38946.92969
2024-05-22,3388,1728,3337,1553.5,1637.166626,3129,2562,2963,2321.5,154.5,2175,3346,4121,77.56999969,156.2510071,5307.009766,38617.10156
2024-05-23,3403,1731.5,3338,1563.5,1631.666626,3151,2577,3031,2353.5,152.8000031,2164,3331,4111,76.87000275,156.7039948,5267.839844,39103.21875
2024-05-24,3393,1734,3319,1571,1631.5,3145,2530,3116,2334,152.6000061,2151,3328,4087,77.72000122,156.9730072,5304.720215,38646.10938
2024-05-27,3450,1745,3369,1590.5,1654,3164,2511,3178,2318,155.8000031,2173,3380,4071.5,,156.8699951,,38900.01953
2024-05-28,3448,1749,3434,1628,1684.166626,3168,2516,3189,2281.5,153.8000031,2165.5,3387,4087.5,79.83000183,156.8450012,5306.040039,38855.37109
2024-05-29,3390,1740,3415,1637,1673.333374,3132,2499,3171,2250.5,152,2138,3357,4032.5,79.23000336,157.2619934,5266.950195,38556.87109
2024-05-30,3330,1730.5,3447,1629.5,1674.166626,3144,2530,3140,2251.5,152.1999969,2150.5,3290,3946.5,77.91000366,157.6080017,5235.47998,38054.12891
2024-05-31,3401,1769.5,3500,1658,1715,3214,2579,3229,2268.5,154.3000031,2168.5,3303,3985,76.98999786,156.9530029,5277.509766,38487.89844
2024-06-03,3341,1765.5,3554,1696,1740.833374,3283,2617,3313,2291.5,155,2178,3360,4038.5,74.22000122,157.1799927,5283.399902,38923.03125
2024-06-04,3298,1726,3487,1683.5,1723.333374,3209,2668,3312,2367.5,154.1999969,2187,3305,3916.5,73.25,156.076004,5291.339844,38837.46094
2024-06-05,3218,1668,3362,1643,1681.666626,3125,2687,3192,2360.5,152.5,2142,3243,3844.5,74.06999969,155.1239929,5354.029785,38490.17188
2024-06-06,3273,1678.5,3341,1650.5,1693.333374,3112,2715,3262,2385,151.3000031,2143,3233,3818.5,75.55000305,155.9290009,5352.959961,38703.51172
2024-06-07,3219,1667.5,3367,1622.5,1697.5,3108,2685,3270,2432,150,2131.5,3247,3842.5,75.52999878,155.6970062,5346.990234,38683.92969
2024-06-10,3272,1708,3426,1649.5,1727.5,3147,2672,3430,2480.5,151.1999969,2149.5,3260,3856,77.73999786,156.8329926,5360.790039,39038.16016
2024-06-11,3254,1708,3401,1632.5,1713.333374,3141,2668,3412,2461,150.1999969,2147.5,3275,3822.5,77.90000153,157.0399933,5375.319824,39134.78906
2024-06-12,3209,1708,3398,1618.5,1690.833374,3109,2621,3408,2413.5,148,2139,3220,3779,78.5,157.1049957,5421.029785,38876.71094
2024-06-13,3128,1684.5,3329,1598.5,1666.666626,3065,2653,3383,2443,147.8000031,2145.5,3141,3710,78.62000275,156.8000031,5433.740234,38720.46875
2024-06-14,3116,1695.5,3281,1578.5,1665,3063,2607,3437,2420.5,146.5,2111,3190,3797,78.44999695,157.128006,5431.600098,38814.55859
2024-06-17,3036,1642.5,3262,1544.5,1643.333374,3024,2539,3345,2376.5,144.8999939,2087.5,3080,3715,80.33000183,157.5460052,5473.22998,38102.44141
2024-06-18,3052,1670,3360,1544.5,1662.166626,3039,2529,3332,2450,145.5,2088.5,3059,3698,81.56999969,157.6999969,5487.029785,38482.10938
2024-06-19,3107,1681,3380,1570,1675,3079,2554,3394,2427.5,145.6000061,2078,3058,3746.5,,157.8710022,,38570.76172
2024-06-20,3084,1663.5,3371,1547,1666.666626,3078,2559,3408,2398,146,2077.5,3054,3714.5,82.16999817,157.9579926,5473.169922,38633.01953
2024-06-21,3074,1660,3346,1547,1666.666626,3100,2562,3354,2393,147,2085.5,3046,3709,80.73000336,158.9309998,5464.620117,38596.46875
2024-06-24,3150,1688,3354,1579.5,1671.666626,3127,2585,3350,2437.5,149.3999939,2110,3048,3697.5,81.62999725,159.8609924,5447.870117,38804.64844
2024-06-25,3296,1730,3448,1641.5,1725,3265,2634,3505,2426.5,150.8999939,2130,3165,3723,80.83000183,159.6860046,5469.299805,39173.14844
2024-06-26,3276,1718,3400,1652,1735,3280,2662,3524,2456,151.3000031,2113,3135,3719,80.90000153,159.6860046,5477.899902,39667.07031
2024-06-27,3263,1712.5,3366,1664.5,1741.666626,3299,2706,3654,2505,151.3000031,2110.5,3099,3628,81.73999786,160.6210022,5482.870117,39341.53906
2024-06-28,3290,1720,3410,1729,1787.5,3358,2728,3601,2517,151.8000031,2127,3148,3651,81.54000092,160.6869965,5460.47998,39583.07812
2024-07-01,3284,1760.5,3398,1749,1805.833374,3408,2750,3718,2556.5,156.1999969,2172.5,3258,3696,83.37999725,160.9069977,5475.089844,39631.05859
2024-07-02,3333,1735,3469,1811,1835,3465,2792,3746,2590,156.1999969,2190.5,3343,3769,82.80999756,161.5119934,5509.009766,40074.69141
2024-07-03,3325,1738.5,3479,1801,1835,3446,2782,3687,2673.5,158.5,2196,3340,3746,83.87999725,161.5039978,5537.02002,40580.76172
2024-07-04,3391,1791,3607,1827.5,1874.166626,3565,2783,3725,2649.5,157.6000061,2196.5,3388,3851,,161.6210022,,40913.64844
2024-07-05,3319,1733,3490,1816.5,1860.833374,3510,2797,3709,2632.5,155.8999939,2197.5,3386,3848,83.16000366,161.3580017,5567.189941,40912.37109
2024-07-08,3285,1700,3475,1791.5,1848.333374,3445,2782,3646,2628,154.3000031,2213,3368,3794,82.33000183,160.6380005,5572.850098,40780.69922
2024-07-09,3270,1701.5,3433,1766.5,1838.333374,3423,2921,3834,2647.5,156.5,2232.5,3376,3765,81.41000366,160.8569946,5576.97998,41580.17188
2024-07-10,3291,1703,3447,1793,1849.166626,3468,2969,3818,2658,158.3000031,2251.5,3337,3732,82.09999847,161.3309937,5633.910156,41831.98828
2024-07-11,3284,1723.5,3529,1792,1844.166626,3484,3076,3779,2667.5,159.5,2270.5,3369,3765,82.62000275,161.6069946,5584.540039,42224.01953
2024-07-12,3274,1703.5,3391,1750,1798.333374,3408,3027,3701,2591,158.6999969,2262.5,3335,3721,82.20999908,158.201004,5615.350098,41190.67969
2024-07-16,3269,1705,3382,1777,1835,3433,3020,3786,2658,157.1999969,2252.5,3370,3775,80.76000214,158.1410065,5667.200195,41275.07812
2024-07-17,3254,1716,3317,1770,1817.5,3458,3037,3807,2650.5,159.6999969,2272.5,3392,3777,82.84999847,158.3500061,5588.27002,41097.69141
2024-07-18,3141,1665,3211,1775,1818.333374,3444,2936,3663,2640,160.8000031,2297.5,3354,3703,82.81999969,155.6860046,5544.589844,40126.35156
2024-07-19,3133,1664.5,3167,1774.5,1832.5,3411,2934,3632,2646,159,2293,3302,3710,80.12999725,157.1499939,5505,40063.78906
2024-07-22,3090,1671,3125,1747,1815.833374,3402,2892,3461,2626.5,159.8999939,2310,3276,3643,79.77999878,157.4219971,5564.410156,39599
2024-07-23,3109,1674,3141,1769,1850,3474,2870,3451,2599,160.6999969,2306,3261,3622,76.95999908,156.8910065,5555.740234,39594.39062
2024-07-24,3100,1630,3029,1743,1817.5,3404,2837,3398,2552.5,158.5,2286.5,3230,3569,77.58999634,155.7680054,5427.129883,39154.85156
2024-07-25,3020,1585,2903.5,1675,1740,3249,2683,3078,2435.5,158.1000061,2277,3097,3452,78.27999878,153.8910065,5399.220215,37869.51172
2024-07-26,2909,1580.5,2884.5,1685.5,1757.5,3254,2644,3133,2700,157.8999939,2256.5,3113,3436,77.16000366,153.6970062,5459.100098,37667.41016
2024-07-29,2967,1622.5,2933,1706,1770.833374,3337,2669,3234,2745,159.6999969,2270,3175,3508,75.80999756,154.1390076,5463.540039,38468.62891
2024-07-30,2996.5,1636,2983.5,1680.5,1740.833374,3280,2728,3240,2662.5,158.6999969,2255,3143,3495,74.73000336,153.8329926,5436.439941,38525.94922
2024-07-31,2949,1647,2986.5,1750,1819.166626,3448,2706,3288,2732.5,160.3999939,2260,3144,3530,77.91000366,152.6699982,5522.299805,39101.82031
2024-08-01,2699,1575,2815.5,1725.5,1813.333374,3427,2617,3463,2602.5,155.8000031,2194.5,3052,3399,76.30999756,149.7440033,5446.680176,38126.32812
2024-08-02,2585,1522,2666.5,1516,1610.333374,3054,2443,3093,2400.5,152.8999939,2188,2839,3040,73.51999664,149.201004,5346.560059,35909.69922
2024-08-05,2232,1251.5,2177.5,1245.5,1360.333374,2452,2257,2696,2167.5,145,2143,2438.5,2436,72.94000244,145.5839996,5186.330078,31458.41992
2024-08-06,2518,1435.5,2388,1318,1333.333374,2596.5,2463,3144,2447.5,145.8999939,2179.5,2661.5,2690,73.19999695,145.7899933,5240.029785,34675.46094
2024-08-07,2500.5,1423,2445,1433,1469.833374,2818.5,2461,3283,2495.5,148.8000031,2291.5,2833.5,2889,75.23000336,144.7319946,5199.5,35089.62109
2024-08-08,2451,1422,2488.5,1393.5,1441.166626,2715,2458,3136,2362,145.3999939,2259.5,2743,2817,76.19000244,146.1239929,5319.310059,34831.14844
2024-08-09,2447.5,1420,2429.5,1410.5,1494.666626,2779.5,2465,3253,2418,145.6999969,2254.5,2791.5,2852,76.83999634,147.6690063,5344.160156,35025
2024-08-13,2529,1454.5,2490.5,1438.5,1553,2864.5,2589,3480,2494.5,148.8999939,2274.5,2863,2942.5,78.34999847,146.9819946,5434.430176,36232.51172
2024-08-14,2616,1505,2567.5,1457.5,1566.166626,2924,2616,3423,2484.5,147.5,2269,2891,3005,76.98000336,146.970993,5455.209961,36442.42969
2024-08-15,2657.5,1546.5,2701.5,1503,1616.5,3041,2576,3396,2453.5,149.3000031,2289,2945.5,3031,78.16000366,147.253006,5543.220215,36726.64062
2024-08-16,2744.5,1584,2750,1553,1699.166626,3143,2677,3660,2532.5,151,2328.5,3030,3183,76.65000153,149.2220001,5554.25,38062.67188
2024-08-19,2660.5,1567.5,2705.5,1543.5,1673.333374,3090,2646,3550,2468.5,152.1999969,2341,3025,3112,74.37000275,147.9559937,5608.25,37388.62109
2024-08-20,2687,1578,2753.5,1544,1666.666626,3091,2654,3510,2551.5,152,2368.5,3024,3083,74.04000092,146.6990051,5597.120117,38062.92188
2024-08-21,2692.5,1562,2731,1538,1649.666626,3069,2677,3544,2537,152,2387,3018,3020,71.93000031,145.3470001,5620.850098,37951.80078
2024-08-22,2665,1556,2697.5,1513.5,1633.333374,3034,2674,3510,2525,152.3999939,2419.5,3027,3035,73.01000214,145.1179962,5570.640137,38211.01172
2024-08-23,2682,1578,2738,1525,1648.166626,3075,2682,3461,2564,152,2396,2971,3019,74.83000183,146.2019958,5634.609863,38364.26953
2024-08-26,2597.5,1534,2645.5,1498.5,1594.5,2995.5,2680,3434,2539,152.1999969,2409.5,2972,2987.5,77.41999817,144,5616.839844,38110.21875
2024-08-27,2644,1561,2718,1504.5,1588.666626,3004,2756,3370,2548,155.1999969,2423,2998,3033,75.52999878,144.5160065,5625.799805,38288.62109
2024-08-28,2746.5,1572,2729,1509.5,1600.666626,3016,2819,3455,2590,155.1999969,2443,3000,3022,74.51999664,143.9750061,5592.180176,38371.76172
2024-08-29,2720.5,1583,2726.5,1512.5,1595.166626,2997,2800,3475,2620.5,157.8999939,2482,3003,3037,75.91000366,144.4329987,5591.959961,38362.53125
2024-08-30,2759.5,1588,2760.5,1528,1591.666626,3009,2840,3572,2677.5,155.6999969,2455.5,3013,3123,73.55000305,144.8899994,5648.399902,38647.75
2024-09-02,2781,1610,2800.5,1548.5,1599.5,3059,2817,3603,2754.5,156.5,2460,3021,3130,,146.3809967,,38700.87109
2024-09-03,2772,1604.5,2772.5,1599,1651.666626,3137,2835,3599,2847,158.8000031,2490,3034,3091,70.33999634,146.7220001,5528.930176,38686.30859
2024-09-04,2674,1530,2625.5,1509,1569.166626,2974,2750,3360,2769.5,154.8000031,2411,2882.5,2907,69.19999695,145.3529968,5520.069824,37047.60938
2024-09-05,2616,1538.5,2615.5,1485.5,1554,2962,2708,3393,2818,156.8999939,2439.5,2914.5,2890,69.15000153,143.3240051,5503.410156,36657.08984
2024-09-06,2582.5,1527.5,2583,1477,1530,2923.5,2639,3272,2787,155.5,2425.5,2879,2878.5,67.66999817,143.3930054,5408.419922,36391.46875
2024-09-09,2500,1509,2543,1443,1498.333374,2838.5,2600,3253,2816,154.1999969,2427.5,2852.5,2847,68.70999908,142.4859924,5471.049805,36215.75
2024-09-10,2499.5,1486.5,2511,1445.5,1506,2832,2639,3300,2788,150.1999969,2412,2861.5,2826,65.75,143.177002,5495.52002,36159.16016
2024-09-11,2422,1441.5,2394.5,1427.5,1480.5,2770,2632,3254,2802,149.1999969,2369.5,2780,2837,67.30999756,142.2339935,5554.129883,35619.76953
2024-09-12,2513,1493.5,2457.5,1459,1508.5,2830.5,2652,3420,2925.5,150,2391,2848.5,2885,68.97000122,142.5899963,5595.759766,36833.26953
2024-09-13,2455,1472,2400.5,1451,1497,2813.5,2621,3431,2863.5,148.8000031,2381.5,2834.5,2891.5,68.65000153,141.4989929,5626.02002,36581.76172
2024-09-17,2406,1457,2340,1419,1458.333374,2746.5,2561,3410,2931.5,148.3999939,2368.5,2824.5,2822.5,71.19000244,140.7899933,5634.580078,36203.21875
2024-09-18,2485,1493.5,2374,1417.5,1465.833374,2764.5,2562,3458,2886,149,2360.5,2802.5,2828,70.91000366,142.0149994,5618.259766,36380.17188
2024-09-19,2610.5,1543.5,2452,1443,1491,2829.5,2635,3659,2922.5,150.1999969,2406.5,2883.5,2927.5,71.94999695,142.7100067,5713.640137,37155.32812
2024-09-20,2634,1556.5,2438.5,1482,1518.666626,2890.5,2673,3672,2902.5,149.8000031,2402,2952.5,3051,71.91999817,142.8580017,5702.549805,37723.91016
2024-09-24,2617,1561,2482,1482.5,1522.333374,2870,2751,3856,2937,150,2411,2960.5,3099,71.55999756,143.6380005,5732.930176,37940.58984
2024-09-25,2643.5,1575,2548,1444.5,1480.333374,2816.5,2755,3787,2850.5,148.5,2380,2987.5,3172,69.69000244,142.9629974,5722.259766,37870.26172
2024-09-26,2726.5,1615,2626,1481.5,1529,2894.5,2848,3983,2929.5,151.3000031,2414,3059,3239,67.66999817,144.6829987,5745.370117,38925.62891
2024-09-27,2751.5,1621.5,2689.5,1451,1477.25,2818,2861,4024,3024,149.8000031,2384.5,3082,3269,68.18000031,145.076004,5738.169922,39829.55859
2024-09-30,2542.5,1507.5,2482,1453.5,1522.5,2936,2777.5,3781,2935.5,146.8000031,2297,2952.5,3178,68.16999817,142.7830048,5762.47998,37919.55078
2024-10-01,2596,1542,2519.5,1479.5,1550.5,3001,2834,3932,3042,147.3999939,2339.5,3027,3291,69.83000183,143.7100067,5708.75,38651.96875
2024-10-02,2569.5,1542,2479,1450,1516,2958.5,2750.5,3827,2969,147.3999939,2304.5,3042,3328,70.09999847,143.7359924,5709.540039,37808.76172
2024-10-03,2601.5,1564.5,2568,1448.5,1516,2919,2780,3781,3008,148.5,2325,3059,3349,73.70999908,146.5820007,5699.939941,38552.05859
2024-10-04,2586,1568.5,2572,1480,1544.5,2970,2767,3761,2999,148.3999939,2343.5,3082,3375,74.37999725,146.8399963,5751.069824,38635.62109
2024-10-07,2645.5,1602,2629.5,1531,1603.5,3115,2880.5,3904,3025,149.6000061,2370,3086,3442,77.13999939,148.8200073,5695.939941,39332.73828
2024-10-08,2568,1566,2574,1504,1546.5,3023,2810.5,3947,3082,148.3000031,2342.5,2995,3296,73.56999969,148.1459961,5751.129883,38937.53906
2024-10-09,2563.5,1553,2555,1501.5,1540.5,3000,2820,3971,3152,149,2390.5,2945.5,3234,73.23999786,148.1589966,5792.040039,39277.96094
2024-10-10,2581,1574,2608.5,1525.5,1560.5,3018,2826,3935,3156,149.8999939,2397.5,2964,3256,75.84999847,149.1600037,5780.049805,39380.89062
2024-10-11,2562,1558,2586,1552,1583.5,3048,2815,3942,3126,148,2357.5,2961.5,3259,75.55999756,148.7039948,5815.029785,39605.80078
2024-10-15,2555,1547,2568,1586.5,1608.5,3093,2814,4053,3134,147.1000061,2399,2926,3229,70.58000183,149.6699982,5815.259766,39910.55078
2024-10-16,2525.5,1533,2550.5,1590,1600,3104,2772.5,3973,3100,148.3000031,2395.5,2895,3202,70.38999939,149.098999,5842.470215,39180.30078
2024-10-17,2550.5,1535,2609,1620.5,1621,3173,2765.5,4032,3070,148,2393,2895.5,3194,70.66999817,149.576004,5841.470215,38911.19141
2024-10-18,2552.5,1533,2596,1644,1631.5,3204,2711.5,4016,3092,147,2400,2875,3181,69.22000122,150.1000061,5864.669922,38981.75
2024-10-21,2541.5,1525.5,2611.5,1613,1601,3180,2710,3955,3059,145.6999969,2369.5,2840,3145,70.55999756,149.6000061,5853.97998,38954.60156
2024-10-22,2545,1512.5,2601,1591.5,1580,3141,2691,3898,3024,145.6000061,2365.5,2816.5,3126,72.08999634,150.6049957,5851.200195,38411.96094
2024-10-23,2620.5,1546,2664.5,1567,1562,3098,2673.5,3896,2989.5,145.5,2359.5,2805,3105,70.76999664,151.1380005,5797.419922,38104.85938
2024-10-24,2602.5,1536.5,2634.5,1565,1557.5,3100,2684.5,3974,2997.5,145.8999939,2361,2787.5,3100,70.19000244,152.7689972,5809.859863,38143.28906
2024-10-25,2600,1520.5,2632.5,1548.5,1551.5,3086,2645,4013,2978,145.3999939,2363,2765.5,3083,71.77999878,151.7830048,5808.120117,37913.92188
2024-10-28,2707,1582,2734.5,1562,1580,3115,2698,4024,2971,146.8000031,2382,2805,3152,67.37999725,152.9519958,5823.52002,38605.53125
2024-10-29,2699.5,1584,2770,1609,1621,3202,2714.5,4053,2974.5,147.3999939,2409.5,2831,3182,67.20999908,153.1790009,5832.919922,38903.67969
2024-10-30,2711.5,1577.5,2775,1629,1635,3223,2750,4147,2980,147.6999969,2427,2847.5,3194,68.61000061,153.2740021,5813.669922,39277.39062
2024-10-31,2682.5,1557.5,2781.5,1628.5,1636.5,3212,2723.5,3924,2963,147.6999969,2389,2835.5,3162,69.26000214,153.2039948,5705.450195,39081.25
2024-11-01,2615.5,1524,2461.5,1620.5,1619.5,3210,2674.5,3679,2695,147.3999939,2380,2746.5,3154,69.48999786,151.9799957,5728.799805,38053.67188
2024-11-05,2639,1516,2577,1623,1624,3245,2728.5,3650,2677,147,2396,2715,3217,71.98999786,152.276001,5782.759766,38474.89844
2024-11-06,2684.5,1418,2465,1715.5,1736.5,3452,2774.5,3791,2801.5,146.6999969,2413.5,2783.5,3270,71.69000244,151.4349976,5929.040039,39480.67188
2024-11-07,2762,1420,2486,1767,1781.5,3452,2772,3970,2787.5,151.1999969,2417.5,2768,3292,72.36000061,154.3200073,5973.100098,39381.41016
2024-11-08,2662.5,1381.5,2417.5,1768.5,1785.5,3425,2805.5,4053,2847,151.3999939,2452.5,2732.5,3239,70.37999725,153.1799927,5995.540039,39500.37109
2024-11-11,2653.5,1379.5,2390.5,1763,1773.5,3421,2975,4095,2846.5,151.1999969,2449,2721.5,3223,68.04000092,152.904007,6001.350098,39533.32031
2024-11-12,2717,1383.5,2447.5,1791.5,1794,3454,2921,3997,2786,151.8000031,2498,2700.5,3204,68.12000275,153.4799957,5983.990234,39376.08984
2024-11-13,2662,1325,2410,1786,1798,3485,2890.5,3877,2743,151.8000031,2489,2667.5,3186,68.43000031,154.6549988,5985.379883,38721.66016
2024-11-14,2666,1322.5,2436,1798,1807,3531,2878,3934,2853.5,151.6000061,2521.5,2700,3233,68.69999695,155.4290009,5949.169922,38535.69922
2024-11-15,2704,1351.5,2472.5,1824,1817.5,3765,2889.5,3951,2824,154.6000061,2513,2700,3250,67.01999664,156.4680023,5870.620117,38642.91016
2024-11-18,2676,1361.5,2453,1810.5,1779,3742,2917.5,3875,2786,155.1999969,2511.5,2664,3225,69.16000366,154.6640015,5893.620117,38220.85156
2024-11-19,2730.5,1394.5,2517,1843.5,1838,3835,2936,3867,2779,156,2513.5,2688,3286,69.38999939,154.6170044,5916.97998,38414.42969
2024-11-20,2698.5,1364.5,2486.5,1816,1807.5,3798,3018,3816,2793,155.8999939,2492,2661.5,3276,68.87000275,154.7180023,5917.109863,38352.33984
2024-11-21,2674.5,1345.5,2442,1806,1799.5,3848,2951.5,3750,2741,156.8999939,2497.5,2646,3270,70.09999847,155.2949982,5948.709961,38026.17188
2024-11-22,2664.5,1362.5,2450.5,1825,1831.5,3835,2948,3821,2757,156,2515,2646.5,3305,71.23999786,154.2180023,5969.339844,38283.85156
2024-11-25,2694.5,1358.5,2472.5,1826,1854,3819,2977.5,3814,2794,154.8000031,2481,2636.5,3325,68.94000244,154.1459961,5987.370117,38780.14062
2024-11-26,2667.5,1333,2501.5,1794.5,1799.5,3752,2983,3712,2744.5,154.3000031,2463,2566,3218,68.76999664,154.378006,6021.629883,38442
2024-11-27,2571,1292.5,2443,1768,1790,3700,3018,3735,2818.5,152.6000061,2457.5,2529,3170,68.72000122,153.0090027,5998.740234,38134.96875
2024-11-28,2607,1299,2456.5,1768.5,1823,3725,3058,3789,2831.5,154.5,2490.5,2548,3184,,151.3359985,,38349.05859
2024-11-29,2551.5,1291.5,2406.5,1792,1843,3784,3007,3751,2866,153.3999939,2475,2525.5,3136,68,151.173996,6032.379883,38208.03125
2024-12-02,2611,1302,2470.5,1826.5,1911.5,3879,3014,3946,2863,155.1999969,2478.5,2565,3197,68.09999847,149.897995,6047.149902,38513.01953
2024-12-03,2652,1320.5,2510,1840.5,1935,3925,3070,4010,2860,156.8999939,2503.5,2628,3299,69.94000244,149.5079956,6049.879883,39248.85938
2024-12-04,2631,1291,2433.5,1810,1879.5,3810,3170,4087,2807,156.5,2478,2599,3280,68.54000092,149.6470032,6086.490234,39276.39062
2024-12-05,2632,1283.5,2445.5,1819.5,1893,3824,3167,4110,2810,155.6000061,2441,2562,3200,68.30000305,150.5670013,6075.109863,39395.60156
2024-12-06,2629,1286.5,2459,1809.5,1880.5,3814,3144,4051,2779,156.8000031,2468.5,2556.5,3135,67.19999695,150.2070007,6090.27002,39091.17188
2024-12-09,2645.5,1300,2476,1814,1902.5,3824,3206,4043,2795,155.3999939,2478,2560,3125,68.37000275,150.0299988,6052.850098,39160.5
2024-12-10,2679.5,1314.5,2487,1806,1895.5,3812,3338,3973,2800,155,2474,2592.5,3232,68.58999634,151.4080048,6034.910156,39367.57812
2024-12-11,2682.5,1306.5,2495.5,1842,1905.5,3838,3362,4020,2807,155.6000061,2489,2580,3244,70.29000092,151.8070068,6084.189941,39372.23047
2024-12-12,2718.5,1300,2501.5,1851.5,1903.5,3847,3462,4058,2865.5,156,2513.5,2573.5,3286,70.01999664,152.2449951,6051.25,39849.14062
2024-12-13,2697.5,1293.5,2517.5,1849.5,1883.5,3817,3358,3997,2843,155.3000031,2489,2551.5,3240,71.29000092,152.5870056,6051.089844,39470.44141
2024-12-16,2692,1287.5,2511,1857,1880,3810,3324,3978,2802.5,154.8999939,2485,2532.5,3238,70.70999908,153.4530029,6074.080078,39457.48828
2024-12-17,2672.5,1283.5,2500,1821,1842,3779,3380,3989,2771,155.8000031,2500,2511,3212,70.08000183,154.0859985,6050.609863,39364.67969
2024-12-18,2726.5,1244.5,2574.5,1812.5,1829.5,3779,3291,3966,2763,154.8999939,2474.5,2505,3171,70.58000183,153.5720062,5872.160156,39081.71094
2024-12-19,2724,1220,2567.5,1834.5,1872,3857,3260,3945,2780,155.1999969,2480.5,2500,3177,69.91000366,154.6730042,5867.080078,38813.57812
2024-12-20,2771.5,1229.5,2599.5,1773,1825.5,3766,3284,3865,2809.5,155.6000061,2485,2496.5,3147,69.45999908,157.6439972,5930.850098,38701.89844
2024-12-23,2837,1276.5,2641.5,1800,1847,3788,3301,3871,2809,155.3999939,2498,2512,3217,69.23999786,156.5330048,5974.069824,39161.33984
2024-12-24,2835,1432.5,2709.5,1808,1871,3833,3298,3860,2739,154.3999939,2476.5,2510.5,3216,70.09999847,157.1649933,6040.040039,39036.85156
2024-12-25,2964.5,1444.5,2710,1800,1860.5,3828,3305,3895,2708,154.1000061,2465.5,2521.5,3217,,157.1069946,,39130.42969
2024-12-26,3142,1500,2785.5,1811,1871,3863,3350,3958,2748,155.3000031,2488.5,2560,3270,69.62000275,157.1329956,6037.589844,39568.05859
2024-12-27,3188,1531,2823,1832.5,1883.5,3893,3417,4004,2815,157.8000031,2529.5,2610.5,3322,70.59999847,157.7480011,5970.839844,40281.16016
2024-12-30,3146,1535,2821,1846,1882,3873,3369,3937,2799.5,158,2521,2604,3311,70.98999786,157.8730011,5906.939941,39894.53906
2025-01-06,3011,1578.5,2751.5,1857.5,1891,3885,3301,3971,2781.5,157,2447,2589.5,3288,73.55999756,157.4810028,5975.379883,39307.05078
2025-01-07,3052,1604,2784,1918.5,1933.5,3970,3341,4038,2889,157.5,2455,2573.5,3293,74.25,157.7429962,5909.029785,40083.30078
2025-01-08,3073,1594.5,2805.5,1919,1943.5,4009,3290,3965,2860,156.3999939,2440.5,2538,3219,73.31999969,158.2359924,5918.25,39981.05859
2025-01-09,3005,1553.5,2738,1917.5,1920,3962,3245,3909,2843,155.5,2434.5,2483,3089,73.91999817,158.1920013,,39605.08984
2025-01-10,2932,1528.5,2676.5,1903.5,1877,3885,3235,3810,2805.5,153.6999969,2372,2478.5,3060,76.56999969,158.0480042,5827.040039,39190.39844
2025-01-14,2907.5,1479,2662.5,1859.5,1856,3843,3155,3739,2665,154.1999969,2403.5,2508,3042,77.5,157.3639984,5842.910156,38474.30078
2025-01-15,2901,1472.5,2649.5,1892.5,1900.5,3979,3206,3725,2689.5,153.6000061,2422,2496,3044,80.04000092,158.0500031,5949.910156,38444.57812
2025-01-16,2837,1456,2611.5,1890,1904.5,3970,3198,3688,2669.5,152,2426,2489,3026,78.68000031,156.2550049,5937.339844,38572.60156
2025-01-17,2788,1460,2570.5,1867.5,1890,3906,3214,3697,2676,150.8000031,2409,2454.5,3002,77.87999725,155.3560028,5996.660156,38451.46094
2025-01-20,2870,1482,2645,1915.5,1915.5,3980,3239,3799,2723,151.6000061,2417,2480,3061,,156.3059998,,38902.5
2025-01-21,2875.5,1478,2627,1918,1902.5,3963,3235,3773,2737.5,150.3999939,2416.5,2461.5,3064,75.88999939,155.2489929,6049.240234,39027.98047
2025-01-22,2915.5,1487.5,2676.5,1906.5,1888,3949,3275,3929,2761.5,150.6000061,2412.5,2452,3055,75.44000244,155.7740021,6086.370117,39646.25
2025-01-23,2925,1491.5,2716.5,1907,1886,3963,3336,4045,2741.5,151.3000031,2418.5,2456.5,3056,74.62000275,156.4400024,6118.709961,39958.87109
2025-01-24,2882.5,1479,2679,1907,1875,3986,3251,4034,2779,150.8000031,2434.5,2469,3058,74.66000366,156.1549988,6101.240234,39931.98047
2025-01-27,2922,1494.5,2701.5,1921,1904,4049,3261,3880,2805.5,153,2551.5,2486,3065,73.16999817,155.7440033,6012.279785,39565.80078
2025-01-28,2889.5,1489.5,2696,1969.5,1945.5,4162,3357,3632,2813,153.8999939,2590.5,2478.5,3040,73.76999664,154.9089966,6067.700195,39016.87109
2025-01-29,2930,1482,2728.5,1969.5,1949.5,4255,3484,3699,2904.5,153.1999969,2584,2474.5,3043,72.62000275,155.5590057,6039.310059,39414.78125
2025-01-30,2949,1477,2750.5,1964.5,1942,4288,3452,3771,2917.5,153.1000061,2584.5,2492.5,3089,72.73000336,155.1699982,6071.169922,39513.96875
2025-01-31,2973.5,1478.5,2720,1978.5,1934,4307,3440,3946,3018,152.6999969,2593,2489.5,3086,72.52999878,154.0970001,6040.529785,39572.48828
2025-02-03,2824.5,1372,2578.5,1926,1877.5,4261,3380,3870,3050,151.8000031,2598,2455.5,2998.5,73.16000366,155.3630066,5994.569824,38520.08984
2025-02-04,2873,1386.5,2627,1941.5,1891,4240,3475,3977,3050,151.3999939,2598,2486.5,2990.5,72.69999695,155.2769928,6037.879883,38798.37109
2025-02-05,2963,1500,2631,1930,1888.5,4220,3513,4060,3046,151.8999939,2641,2497,2938.5,71.02999878,154.1329956,6061.47998,38831.48047
2025-02-06,2903.5,1440,2664.5,1912.5,1880,4227,3517,4070,3049,150,2485,2520,2900,70.61000061,152.6060028,6083.569824,39066.53125
2025-02-07,2824.5,1436.5,2910,1911,1873,4160,3483,4080,2991,146.8999939,2437,2521.5,2866.5,71,151.1929932,6025.990234,38787.01953
2025-02-10,2825.5,1423,2867,1900.5,1845,4159,3429,4021,2961,145.1000061,2463,2458,2814,72.31999969,151.845993,6066.439941,38801.17188
2025-02-12,2800,1404,2847,1906.5,1865,4166,3372,4023,3022,145.1999969,2470,2455,2802.5,71.37000275,152.7389984,6051.970215,38963.69922
2025-02-13,2825.5,1434,2942,1942,1891.5,4277,3410,4133,3109,147.3000031,2512,2490,2837.5,71.29000092,154.2550049,6115.069824,39461.46875
2025-02-14,2804.5,1469.5,2949.5,1943.5,1901.5,4324,3705,4312,3079,146.8999939,2500,2462,2794,70.73999786,152.9889984,6114.629883,39149.42969
2025-02-17,2773.5,1424,2811.5,1982.5,1938.5,4350,3857,4420,3102,147.6000061,2494.5,2417.5,2785,,152.022995,,39174.25
2025-02-18,2804,1417.5,2811,2022,1954.5,4420,3782,4345,3106,149,2491,2420,2761.5,71.84999847,151.4440002,6129.580078,39270.39844
2025-02-19,2755.5,1385.5,2769.5,2011.5,1994.5,4446,3773,4380,3067,147,2458.5,2376,2722,72.25,151.9309998,6144.149902,39164.60938
2025-02-20,2710.5,1366.5,2655,1972.5,1958.5,4360,3732,4317,2975,146,2435.5,2369,2720.5,72.56999969,151.2200012,6117.52002,38678.03906
2025-02-21,2706,1380,2738,1949.5,1942.5,4252,3813,4193,2959.5,147.3000031,2408.5,2380.5,2716.5,70.40000153,149.4080048,6013.129883,38776.94141
2025-02-25,2710.5,1388.5,2748,1960.5,1934.5,4275,3797,3837,2942,146.8999939,2447.5,2589,2844,68.93000031,149.8639984,5955.25,38237.78906
2025-02-26,2725,1402.5,2764,1920,1913,4172,3805,3827,2920,147.3999939,2464.5,2521.5,2803,68.62000275,149.0780029,5956.060059,38142.37109
2025-02-27,2784,1410,2876,1940.5,1937,4261,3818,3918,2941.5,147.8000031,2466.5,2548,2847.5,70.34999847,148.8379974,5861.569824,38256.17188
2025-02-28,2689,1393,2753.5,1903,1896,4177,3739,3750,2879,145.3999939,2447,2496.5,2795,69.76000214,150.0119934,5954.5,37155.5
2025-03-03,2795,1412.5,2816.5,1948.5,1926,4245,3713,3830,2998.5,147.1000061,2468.5,2562.5,2848,68.37000275,150.7709961,5849.720215,37785.46875
2025-03-04,2753.5,1381,2745.5,1932,1894.5,4251,3628,3721,3006,147.1000061,2454,2528.5,2770,68.26000214,149.3049927,5778.149902,37331.17969
2025-03-05,2849.5,1410.5,2755,1927.5,1887.5,4200,3583,3709,3126,146.8999939,2453.5,2552.5,2780.5,66.30999756,149.798996,5842.629883,37418.23828
2025-03-06,2822.5,1439,2806,1954.5,1919,4295,3727,3978,3227,146.5,2450.5,2563.5,2790.5,66.36000061,148.897995,5738.52002,37704.92969
2025-03-07,2803,1431,2795.5,1922.5,1877,4179,3569,3810,3112,146.1000061,2404.5,2553,2786,67.04000092,148.1080017,5770.200195,36887.17188
2025-03-10,2829,1444,2866.5,1920,1855,4114,3458,3703,3032,147.3999939,2407.5,2580.5,2781.5,66.02999878,147.6080017,5614.560059,37028.26953
2025-03-11,2754.5,1450,2904,1893,1829,3962,3389,3625,2881,147.6000061,2405,2584.5,2769.5,66.25,147.0690002,5572.069824,36793.10938
2025-03-12,2761.5,1448,2769,1930,1872.5,4057,3511,3686,2968.5,147.6999969,2395,2582.5,2765,67.68000031,148.0420074,5599.299805,36819.08984
2025-03-13,2719,1430.5,2766,1957,1908,4128,3489,3666,2990.5,148.3999939,2386,2580,2770,66.55000305,148.279007,5521.52002,36790.03125
2025-03-14,2746.5,1450,2810.5,2000.5,1933.5,4202,3518,3647,2973,147.6999969,2375,2580.5,2763.5,67.18000031,147.9490051,5638.939941,37053.10156
2025-03-17,2760.5,1476,2846.5,2030,1946,4225,3589,3740,3029,147.8000031,2401.5,2646,2804,67.58000183,148.5980072,5675.120117,37396.51953
2025-03-18,2839,1518,2923,2106,1991,4311,3651,3798,3089,149.3999939,2427.5,2741.5,2890.5,66.90000153,149.3789978,5614.660156,37845.42188
2025-03-19,2892,1515.5,2939,2105.5,1991,4337,3682,3733,3081,150,2425.5,2824.5,2977,67.16000366,149.4519958,5675.290039,37751.87891
2025-03-21,2844.5,1503,2891,2226,2064.5,4471,3782,3767,3028,149,2430,2787,2992.5,68.27999878,148.595993,5667.560059,37677.05859
2025-03-24,2863,1501.5,2930.5,2181.5,2018.5,4382,3764,3742,3059,147.6000061,2398.5,2760,2939,69.11000061,149.677002,5767.569824,37608.48828
2025-03-25,2882.5,1503,2933,2163.5,1993.5,4319,3766,3761,2990.5,147.5,2398.5,2767.5,2954.5,69,150.7740021,5776.649902,37780.53906
2025-03-26,2887.5,1493,2951.5,2159,2005.5,4355,3852,3793,2990.5,148.8000031,2415,2785.5,2990,69.65000153,149.9499969,5712.200195,38027.28906
2025-03-27,2828.5,1456,2805,2178.5,2034,4415,3862,3738,3102,150,2437,2802,3028,69.91999817,150.4730072,5693.310059,37799.96875
2025-03-28,2700.5,1385,2705.5,2108.5,1968,4240,3831,3684,3123,146.6000061,2442.5,2735,2943.5,69.36000061,150.8470001,5580.939941,37120.32812
2025-03-31,2616,1342.5,2645,2011,1897.5,4051,3765,3458,2951,144.6999969,2359.5,2626.5,2799.5,71.48000336,149.6170044,5611.850098,35617.55859
2025-04-01,2630.5,1345,2655,1994,1872,4049,3765,3438,2966,144.5,2351.5,2652.5,2825,71.19999695,149.9129944,5633.069824,35624.48047
2025-04-02,2656,1361,2714,1963.5,1840.5,4011,3690,3467,2956.5,142.6999969,2327,2615,2788,71.70999908,149.7830048,5670.970215,35725.87109
2025-04-03,2518.5,1329.5,2521,1823,1699,3692,3512,3243,2869,142.5,2275.5,2660,2724.5,66.94999695,147.871994,5396.52002,34735.92969
2025-04-04,2407.5,1257,2417.5,1668.5,1562.5,3277,3345,3054,2809.5,144.1000061,2382.5,2542.5,2652.5,61.99000168,146.2310028,5074.080078,33780.57812
2025-04-07,2266.5,1205,2277,1495.5,1434.75,2925,3009,2693.5,2625.5,138.8999939,2314,2334,2470,60.70000076,145.4329987,5062.25,31136.58008
2025-04-08,2428.5,1284,2465.5,1658,1591,3320,3218,3072,2659.5,143.6999969,2373,2466,2596,59.58000183,147.7890015,4982.77002,33012.57812
2025-04-09,2365.5,1243.5,2312,1570,1513.5,3179,3107,2838.5,2611.5,142.6000061,2378,2404.5,2513.5,62.34999847,145.8450012,5456.899902,31714.0293
2025-04-10,2543,1348.5,2460,1711,1610.5,3429,3527,3248,2861.5,146.8000031,2518,2566,2706,60.06999969,147.3990021,5268.049805,34609
2025-04-11,2420,1315,2380,1644.5,1533.5,3242,3266,3193,2770,146.3000031,2473,2473,2620,61.5,143.746994,5363.359863,33585.57812
2025-04-14,2410,1319.5,2349,1647,1560,3292,3294,3217,2790.5,147.1000061,2494.5,2466.5,2629.5,61.52999878,143.6959991,5405.970215,33982.35938
2025-04-15,2499,1367,2439.5,1684,1611,3377,3366,3296,2856.5,146.1999969,2515,2476.5,2649.5,61.33000183,143.220993,5396.629883,34267.53906
2025-04-16,2499,1356.5,2421.5,1642,1569.5,3297,3340,3260,2868.5,147.6999969,2543,2451.5,2613,62.47000122,143.1809998,5275.700195,33920.39844
2025-04-17,2498.5,1382,2466,1680,1605.5,3406,3438,3362,2868.5,148,2528.5,2478.5,2613,64.68000031,141.9279938,5282.700195,34377.60156
2025-04-18,2544,1394.5,2520,1685.5,1615,3467,3466,3400,2924.5,150.3000031,2555,2486,2657.5,,,,34730.28125
2025-04-21,2470.5,1380.5,2423.5,1653,1581,3384,3377,3420,2920,148.5,2535,2434,2624,63.08000183,,5158.200195,34279.92188
2025-04-22,2459,1386,2405,1633,1571.5,3323,3347,3365,2879.5,149.8999939,2570.5,2528.5,2671,64.30999756,140.8760071,5287.759766,34220.60156
2025-04-23,2582,1418.5,2499.5,1687.5,1600,3381,3537,3520,2941,150.3000031,2580,2626,2743,62.27000046,142.6880035,5375.859863,34868.62891
2025-04-24,2657.5,1427.5,2563,1721.5,1628,3454,3528,3557,2939,146.1000061,2497,2666.5,2790,62.79000092,143.2230072,5484.77002,35039.14844
2025-04-25,2690,1437.5,2613,1735,1645.5,3490,3535,3744,3080,147.6000061,2520,2678,2820,63.02000046,142.8789978,5525.209961,35705.73828
2025-04-28,2786.5,1451.5,2639.5,1772,1678.5,3550,3520,3747,3145,149,2534.5,2709.5,2864,62.04999924,143.8410034,5528.75,35839.98828
2025-04-30,2729,1453,2592.5,1803.5,1700,3580,3771,3518,3151,149.3000031,2523.5,2712,2898,58.20999908,142.298996,5569.060059,36045.37891
2025-05-01,2751,1465,2600,1782,1673.5,3514,3663,3681,3190,149.8000031,2535,2687,2790,59.24000168,143.0090027,5604.140137,36452.30078
2025-05-02,2780,1484,2634.5,1737.5,1641,3437,3732,3673,3154,151.1000061,2575,2640.5,2782.5,58.29000092,145.447998,5686.669922,36830.69141
2025-05-07,2706,1458,2569.5,1750.5,1670.5,3500,3581,3802,3215,152.1000061,2635,2737,2870,58.06999969,143.0350037,5631.279785,36779.66016
2025-05-08,2671.5,1443,2612,1763.5,1666,3530,3500,3818,3266,148.8999939,2640,2712.5,2847.5,59.90999985,143.8480072,5663.939941,36928.62891
2025-05-09,2719.5,1482.5,2678,1811,1713,3668,3583,3890,3358,153.8000031,2663.5,2760,2892.5,61.02000046,146.0149994,5659.910156,37503.32812
2025-05-12,2753.5,1488.5,2733,1839.5,1728,3698,3592,3837,3329,156.6000061,2659,2795.5,2910.5,61.95000076,145.8119965,5844.189941,37644.26172
2025-05-13,2850,1503.5,2830,1907.5,1779,3785,3654,3866,3288,152.6999969,2591.5,2843,2932,63.66999817,148.3099976,5886.549805,38183.26172
2025-05-14,2749.5,1460.5,2688.5,1945,1816,3846,3788,3871,3261,153.1000061,2580,2849.5,2923.5,63.15000153,147.5279999,5892.580078,38128.12891
2025-05-15,2657,1403.5,2565,1930,1758.5,3764,3682,3869,3308,153,2562.5,2861.5,2918,61.61999893,146.6499939,5916.930176,37755.51172
2025-05-16,2642.5,1406,2614,1947,1730.5,3690,3603,3816,3315,154.1999969,2595,2880,2941,62.49000168,145.6130066,5958.379883,37753.71875
2025-05-19,2665,1411,2626.5,1969.5,1733.5,3669,3610,3804,3325,154.3000031,2546,2900,2946,62.68999863,145.2980042,5963.600098,37498.62891
2025-05-20,2672.5,1422,2651,1974.5,1767,3787,3777,3850,3242,153.1000061,2533.5,2899.5,2910,62.56000137,144.9750061,5940.459961,37529.48828
2025-05-21,2662.5,1437.5,2668,1970,1784,3890,3671,3815,3199,152.6000061,2532.5,2935,2993,61.56999969,144.3280029,5844.609863,37298.98047
2025-05-22,2620,1415,2609,1945,1790,3868,3654,3732,3197,150.8999939,2505,2914,2937,61.20000076,143.7550049,5842.009766,36985.87109
2025-05-23,2623.5,1418.5,2630.5,1942.5,1808.5,3894,3683,3800,3320,150.8000031,2522,2927,2953.5,61.52999878,143.8580017,5802.819824,37160.46875
2025-05-26,2621.5,1406.5,2620,1955,1801.5,3907,3740,3856,3336,152.1000061,2537.5,2915,2916.5,,142.8670044,,37531.53125
2025-05-27,2640,1412,2655,1977,1810.5,3959,3809,3930,3349,151.3999939,2527,2939.5,2945,60.88999939,142.6549988,5921.540039,37724.10938
2025-05-28,2631.5,1430,2637.5,1963,1813,3981,3821,3969,3317,155,2505.5,2913,2975,61.84000015,144.177002,5888.549805,37722.39844
2025-05-29,2734.5,1496,2735,2005,1841,4007,3970,4082,3340,155.8999939,2505.5,2935,3030,60.93999863,145.6970062,5912.169922,38432.98047
2025-05-30,2769,1468,2679,2025.5,1850,4002,3810,4046,3318,160.3999939,2499,2935,3029,60.79000092,143.779007,5911.689941,37965.10156
2025-06-02,2691,1437,2627.5,1990,1830,3965,3802,3978,3461,157,2455.5,2904,2983,62.52000046,143.8150024,5935.939941,37470.67188
2025-06-03,2675,1423.5,2648,1977,1820,3947,3834,3930,3407,158.8999939,2434.5,2865.5,2973,63.40999985,142.4519958,5970.370117,37446.80859
2025-06-04,2724.5,1422,2620,1980.5,1834.5,3980,3849,3991,3356,158.5,2429,2882,2981.5,62.84999847,143.8370056,5970.810059,37747.44922
2025-06-05,2650.5,1384,2486.5,1953,1798,3917,3790,4015,3353,157,2411.5,2861,2945,63.36999893,142.7319946,5939.299805,37554.48828
2025-06-06,2652,1402,2522.5,1963,1807.5,3948,3833,4020,3377,158.5,2410,2874.5,2957.5,64.58000183,143.5420074,6000.359863,37741.60938
2025-06-09,2640,1400,2535.5,1983,1826,4032,3833,4112,3472,158.3999939,2435.5,2844,2950,65.29000092,144.6909943,6005.879883,38088.57031
2025-06-10,2657.5,1400,2552.5,1964.5,1814,3957,3800,4089,3474,157.1000061,2431.5,2853.5,2924.5,64.98000336,144.5399933,6038.810059,38211.51172
2025-06-11,2656,1412.5,2571.5,1956,1794.5,3948,3747,4126,3479,156.3999939,2425,2877,2942.5,68.15000153,144.8379974,6022.240234,38421.19141
2025-06-12,2616.5,1400.5,2551.5,1963.5,1814,3982,3774,4072,3455,155.8999939,2440.5,2857,2940,68.04000092,144.2030029,6045.259766,38173.08984
2025-06-13,2555,1393.5,2471,1934.5,1785,3895,3735,3987,3468,154.6999969,2426,2845.5,2905.5,72.98000336,143.1940002,5976.970215,37834.25
2025-06-16,2554.5,1434.5,2499,1953,1802.5,3923,3736,4014,3464,155,2438,2889,2971.5,71.76999664,144.0910034,6033.109863,38311.32812
2025-06-17,2538,1434.5,2510,1951.5,1814,3969,3751,4019,3507,153.5,2448,2857,2974,74.83999634,144.7290039,5982.720215,38536.73828
2025-06-18,2569,1446,2588,1955,1805,3970,3783,4074,3494,153.8000031,2441,2878.5,2997,75.13999939,145.3760071,5980.870117,38885.14844
2025-06-19,2525.5,1430.5,2557.5,1950.5,1792,3962,3690,4065,3482,154.3000031,2441.5,2853,2946.5,,144.9550018,,38488.33984
2025-06-20,2502.5,1423.5,2509.5,1957.5,1790,3936,3607,3990,3410,152.3000031,2399.5,2813.5,2922.5,74.93000031,145.2180023,5967.839844,38403.23047
2025-06-23,2493.5,1406,2485,1939.5,1789,3913,3530,3925,3341,150.3000031,2415.5,2808,2898,68.51000214,146.223999,6025.169922,38354.08984
2025-06-24,2490,1390,2455.5,1972,1811,4014,3584,4003,3372,150.8999939,2425,2804.5,2908,64.37000275,145.9279938,6092.180176,38790.55859
2025-06-25,2460.5,1392.5,2461.5,1965,1801.5,3976,3629,4058,3368,149.8999939,2394,2771,2866,64.91999817,144.9570007,6092.160156,38942.07031
2025-06-26,2456.5,1380,2480,1976.5,1807.5,3996,3673,4095,3380,149.3000031,2394,2854,2873.5,65.23999786,144.904007,6141.02002,39584.57812
2025-06-27,2527,1421,2577,1984,1812.5,3974,3790,4280,3462,151,2440.5,2868,2938,65.51999664,144.6940002,6173.069824,40150.78906
2025-06-30,2493,1394.5,2515.5,1983,1817,3993,3730,4205,3515,154,2480,2888,2947,65.11000061,144.5169983,6204.950195,40487.39062
2025-07-01,2453,1396,2466.5,1969,1815.5,4019,3640,4190,3484,152.8999939,2456,2887,2925,65.44999695,143.8000031,6198.009766,39986.32812
2025-07-02,2465.5,1421.5,2475,1973.5,1810,3984,3676,4148,3397,155.5,2499.5,2908,2957,67.44999695,143.4019928,6227.419922,39762.48047
2025-07-03,2511.5,1449.5,2524.5,1986.5,1830.5,3996,3657,4078,3369,154.3000031,2465.5,2946.5,3015,67,143.526001,6279.350098,39785.89844
2025-07-04,2484.5,1443,2510,2015.5,1846,4055,3688,4026,3455,153.8999939,2485,2919.5,2997.5,66.5,144.6820068,,39810.87891
2025-07-07,2453.5,1422,2466,1969,1807,3957,3683,3977,3453,155.3000031,2487,2903.5,2996,67.93000031,144.4980011,6229.97998,39587.67969
2025-07-08,2465,1433,2477.5,1967,1793.5,3937,3671,4119,3399,155.6000061,2454.5,2893,3026,68.33000183,145.8919983,6225.52002,39688.80859
2025-07-09,2487.5,1481,2533,1979,1807.5,3975,3671,4120,3287,154.1000061,2463,2873.5,3064,68.37999725,146.848999,6263.259766,39821.28125
2025-07-10,2473.5,1484.5,2523.5,1972.5,1797.5,4003,3607,4115,3258,152.6000061,2433.5,2873,3018,66.56999969,146.1139984,6280.459961,39646.35938
2025-07-11,2508,1509,2580.5,2007.5,1825,4083,3600,4040,3187,152.8000031,2423.5,2895,3046,68.44999695,146.2879944,6259.75,39569.67969
2025-07-14,2531.5,1522,2596.5,1992.5,1819,4054,3589,4089,3207,151,2417,2907,3048,66.98000336,147.2949982,6268.560059,39459.62109
2025-07-15,2532,1526,2581.5,1998.5,1822,4078,3566,4182,3193,150.1999969,2422,2862.5,2983,66.51999664,147.7920074,6243.759766,39678.01953
2025-07-16,2509.5,1502.5,2563,1970,1798.5,4064,3540,4203,3205,150.1999969,2426,2860,2985,66.37999725,148.7610016,6263.700195,39663.39844
2025-07-17,2520.5,1494,2533,1971.5,1804.5,4107,3633,4236,3263,150.3999939,2455.5,2886,2983,67.54000092,148.003006,6297.359863,39901.19141
2025-07-18,2516,1487,2520.5,1968,1799,4126,3565,4343,3234,150.8999939,2463.5,2876,2984.5,67.33999634,148.4420013,6296.790039,39819.10938
2025-07-22,2496.5,1484.5,2520,2000,1818.5,4182,3539,4410,3173,150,2438.5,2914,3030,66.20999908,147.4089966,6309.620117,39774.92188
2025-07-23,2854.5,1650,2938.5,2097.5,1910.5,4400,3692,4450,3177,151.8999939,2478.5,3018,3142,65.25,146.7850037,6358.910156,41171.32031
2025-07-24,2844.5,1650.5,2998.5,2171.5,2001,4553,3787,4623,3250,152.6999969,2512,3056,3198,66.02999878,146.348999,6363.350098,41826.33984
2025-07-25,2787,1621,2842,2157,1992,4535,3706,4614,3290,152.1000061,2497.5,3035,3147,65.16000366,147.0050049,6388.640137,41456.23047
2025-07-28,2805,1658,2876,2105.5,1938,4418,3638,4527,3215,151.3999939,2460,2994.5,3095,66.70999908,147.8130035,6389.77002,40998.26953
2025-07-29,2741.5,1623,2832.5,2071.5,1903.5,4370,3605,4457,3220,151.1000061,2463.5,2944,3038,69.20999908,148.4790039,6370.859863,40674.55078
2025-07-30,2743.5,1589.5,2806.5,2089,1921,4385,3642,4591,3330,151.3999939,2463,2966,3060,70,148.4420013,6362.899902,40654.69922
2025-07-31,2696.5,1569,2779.5,2110.5,1927.5,4482,3682,4697,3305,152.6999969,2485.5,2988,3100,69.26000214,149.2259979,6339.390137,41069.82031
2025-08-01,2724.5,1577,2814,2127,1911.5,4452,3680,4283,3416,155.8999939,2532.5,3028,3107,67.33000183,150.7720032,6238.009766,40799.60156
2025-08-04,2675,1549.5,2757.5,2047,1857,4298,3617,4145,3421,153.1000061,2426,2986.5,3107,66.29000092,147.3430023,6329.939941,40290.69922
2025-08-05,2679,1548,2772.5,2059.5,1871.5,4395,3628,4126,3504,154.3000031,2499,3002,3120,65.16000366,146.7929993,6299.189941,40549.53906
2025-08-06,2721,1571.5,2802,2077.5,1886.5,4456,3707,4151,3531,153.1000061,2500,3095,3146,64.34999847,147.5599976,6345.060059,40794.85938
2025-08-07,2680,1545.5,2875.5,2116,1912,4503,3860,4207,3526,156.5,2528,3082,3162,63.88000107,147.1929932,6340,41059.14844
2025-08-08,2773,1606.5,3030,2129.5,1925.5,4549,3995,4228,3504,160,2579,3126,3232,63.88000107,146.8370056,6389.450195,41820.48047
2025-08-12,2855,1648.5,3049,2223.5,1986,4700,3992,4293,3586,163,2628.5,3173,3306,63.16999817,148.125,6445.759766,42718.17188
2025-08-13,2875,1644,3013,2224,2002,4706,4130,4311,3532,162.8999939,2638,3179,3276,62.65000153,147.7579956,6466.580078,43274.67188
2025-08-14,2805,1623.5,2911.5,2239.5,2037.5,4738,4070,4199,3487,162,2579.5,3110,3215,63.95999908,147.1199951,6468.540039,42649.26172
2025-08-15,2854,1637.5,2965,2374,2132.5,4960,4292,4274,3500,163,2630,3167,3272,62.79999924,147.6909943,6449.799805,43378.30859
2025-08-18,2903,1663,2969,2313.5,2083.5,4850,4183,4267,3565,164.6000061,2653,3203,3288,63.41999817,147.2640076,6449.149902,43714.30859
2025-08-19,2925,1669,2973.5,2252.5,2058,4772,4168,4267,3585,165.5,2634,3205,3305,62.34999847,147.9160004,6411.370117,43546.28906
2025-08-20,2937,1702.5,2981.5,2262,2052,4810,4128,4145,3569,165,2654,3200,3309,63.20999908,147.7310028,6395.779785,42888.55078
2025-08-21,2904,1669.5,2939.5,2254.5,2041.5,4773,4094,4106,3555,163,2662.5,3215,3322,63.52000046,147.3179932,6370.169922,42610.17188
2025-08-22,2943,1679,2966.5,2291,2063.5,4817,4221,4124,3593,162.8999939,2676,3233,3350,63.65999985,148.3860016,6466.910156,42633.28906
2025-08-25,2940,1696,3000,2288.5,2072,4855,4174,4114,3571,159.8999939,2615,3290,3403,64.80000305,147.2149963,6439.319824,42807.82031
2025-08-26,2898.5,1667,2972,2272,2051,4833,4096,4047,3567,156.5,2567.5,3263,3355,63.25,147.8220062,6465.939941,42394.39844
2025-08-27,2904.5,1659,2957,2249.5,2033.5,4819,4097,4042,3592,157.8000031,2567,3251,3335,64.15000153,147.4620056,6481.399902,42520.26953
2025-08-28,2919,1663.5,2975,2267.5,2031.5,4907,4143,4114,3490,157.3000031,2588.5,3311,3376,64.59999847,147.3159943,6501.859863,42828.78906
2025-08-29,2873,1642,2933.5,2259,2024,4895,4083,4049,3576,155.8000031,2550.5,3354,3426,64.01000214,146.7899933,6460.259766,42718.46875
2025-09-01,2858.5,1669,2962.5,2250.5,2004.5,4795,4021,3982,3522,158,2583,3353,3407,,147.0970001,,42188.78906
2025-09-02,2869,1670.5,2992,2272,2041,4834,4014,3967,3552,159.8000031,2592.5,3453,3544,65.58999634,147.0839996,6415.540039,42310.48828
2025-09-03,2851.5,1656,2973,2200.5,1976.5,4672,3990,3829,3475,157.5,2534,3359,3580,63.97000122,148.5480042,6448.259766,41938.89062
2025-09-04,2905,1674,3013,2247.5,2035.5,4794,4105,3833,3539,159.1000061,2535,3385,3635,63.47999954,147.9799957,6502.080078,42580.26953
2025-09-05,2962.5,1693,3079,2268.5,2042,4859,4092,3896,3523,159.1999969,2523,3445,3715,61.86999893,148.375,6481.5,43018.75
2025-09-08,2970,1694,3120,2285.5,2045,4891,4184,3931,3646,158.8000031,2513.5,3497,3720,62.25999832,148.3439941,6495.149902,43643.80859
2025-09-09,2949,1697.5,3154,2260,2016,4815,4217,3976,3598,158.1999969,2490,3462,3663,62.63000107,147.3639984,6512.609863,43459.28906
2025-09-10,2913.5,1666,3122,2324,2061.5,4908,4276,4119,3738,161.3000031,2470,3453,3645,63.66999817,147.3919983,6532.040039,43837.67188
2025-09-11,2886.5,1650.5,3100,2283.5,2042.5,4828,4255,4116,3775,161.6999969,2486,3441,3631,62.36999893,147.3320007,6587.470215,44372.5
2025-09-12,2889,1649.5,3103,2289,2050,4861,4286,4091,3780,161.5,2495.5,3441,3644,62.68999863,147.223999,6584.290039,44768.12109
2025-09-16,2934.5,1661,3117,2290.5,2034,4826,4221,4052,3708,161,2492,3472,3701,64.51999664,147.4049988,6606.759766,44902.26953
2025-09-17,2950.5,1657,3105,2279.5,2025.5,4776,4267,3960,3681,161,2515,3460,3643,64.05000305,146.4129944,6600.350098,44790.37891
2025-09-18,2940.5,1640,3038,2282,2040,4762,4433,3956,3692,159.8999939,2496,3505,3667,63.56999969,146.8910065,6631.959961,45303.42969
2025-09-19,2923,1631,3058,2341.5,2073.5,4844,4321,3863,3665,158,2469.5,3571,3724,62.68000031,147.9470062,6664.359863,45045.80859
2025-09-22,2964,1661.5,3098,2369,2093.5,4932,4216.791016,3847,3684,158.1999969,2435,3600,3774,62.63999939,148.0950012,6693.75,45493.66016
2025-09-24,2929.5,1644,3099,2361.5,2096,5010,4151.474121,4030,3630,157.8999939,2457.5,3534,3774,64.98999786,147.6130066,6637.970215,45630.30859
2025-09-25,2961.5,1660,3122,2373,2111,5070,4284.029297,4030,3641,158.3000031,2439,3563,3774,64.98000336,148.7510071,6604.720215,45754.92969
2025-09-26,2969.5,1650,3121,2394.5,2121.5,5085,4231.199219,3939,3593,159.1000061,2443,3613,3816,65.72000122,149.8609924,6643.700195,45354.98828
2025-09-29,2870,1564,3026,2327,2052.5,4920,4268,3918,3489,155.3999939,2385.5,3512,3706,63.45000076,149.4049988,6661.209961,45043.75
2025-09-30,2849.5,1531,3030,2394,2088,4988,4259,3930,3484,154.6999969,2360.5,3531,3680,62.36999893,148.5950012,6688.459961,44932.62891
2025-10-01,2821.5,1511.5,2987,2318,2023.5,4797,4215,3875,3447,154.8000031,2335.5,3465,3637,61.77999878,147.996994,6711.200195,44550.85156
2025-10-02,2805,1503.5,2915.5,2273.5,2002.5,4730,4112,3900,3398,152.8999939,2315,3469,3632,60.47999954,147.0829926,6715.350098,44936.73047
2025-10-03,2839.5,1524.5,2932.5,2313,2024,4800,4206,4300,3523,154.6000061,2346,3492,3657,60.88000107,147.1499939,6715.790039,45769.5
2025-10-06,2974,1589,3066,2316,2026.5,4790,4492,4476,3840,156.1999969,2362.5,3526,3710,61.68999863,149.6060028,6740.279785,47944.76172
2025-10-07,3023,1597,3115,2293.5,2026.5,4754,4497,4473,3844,155.1000061,2396.5,3555,3697,61.72999954,150.3309937,6714.589844,47950.87891
2025-10-08,3009,1596,3121,2345.5,2062.5,4864,4545,4477,3891,153.8000031,2352.5,3583,3759,62.54999924,152.0509949,6753.720215,47734.98828
2025-10-09,2947.5,1573.5,3122,2360,2049,4870,4648,4568,3926,153,2396,3603,3793,61.50999832,152.6799927,6735.109863,48580.44141
2025-10-10,2898.5,1556,3057,2285,1995.5,4756,4461,4414,3856,152.8000031,2354.5,3577,3714,58.90000153,152.9649963,6552.509766,48088.80078
2025-10-14,2871.5,1540.5,3025,2241,1942.5,4633,4310,4262,3738,152.1999969,2369.5,3518,3680,58.70000076,152.4340057,6644.310059,46847.32031
2025-10-15,2913.5,1543.5,3081,2291,1978.5,4692,4342,4505,3762,153.5,2358,3598,3734,58.27000046,151.7310028,6671.060059,47672.67188
2025-10-16,2954.5,1547.5,3130,2301,2012,4760,4321,4602,3778,156,2348.5,3561,3644,57.45999908,150.973999,6629.069824,48277.73828
2025-10-17,2933.5,1517.5,3073,2232.5,1950,4569,4300,4490,3692,158.3000031,2368,3569,3651,57.54000092,150.1199951,6664.009766,47582.14844
2025-10-20,3003,1565,3141,2325,2042,4852,4420,4576,3803,159,2417,3638,3719,57.52000046,150.8999939,6735.129883,49185.5
2025-10-21,3005,1552.5,3188,2307.5,2043.5,4903,4418,4498,3772,160.1000061,2442,3628,3721,57.81999969,150.7740021,6735.350098,49316.05859
2025-10-22,3104,1620,3305,2280,2043.5,4910,4400,4470,3819,159.8000031,2444.5,3673,3729,58.5,151.8930054,6699.399902,49307.78906
2025-10-23,3091,1596,3270,2261.5,2019.5,4868,4389,4429,3858,159.6999969,2443.5,3697,3742,61.79000092,151.9539948,6738.439941,48641.60938
2025-10-24,3127,1594.5,3267,2234,2016.5,4885,4377,4569,3868,159.8000031,2434,3682,3782,61.5,152.602005,6791.689941,49299.64844
2025-10-27,3218,1619,3333,2273,2049.5,4962,4402,4738,3921,162.5,2467.5,3772,3857,61.31000137,153.0610046,6875.160156,50512.32031
2025-10-28,3171,1596.5,3305,2273.5,2057.5,4982,4375,4678,3860,160.3999939,2452,3679,3781,60.15000153,152.6920013,6890.890137,50219.17969
2025-10-29,3146,1583.5,3295,2280.5,2040.5,5000,4315,4850,3839,159.1000061,2434,3659,3730,60.47999954,151.7310028,6890.589844,51307.64844
2025-10-30,3185,1594.5,3308,2322,2065.5,5110,4232,4963,4000,158.1000061,2455,3681,3779,60.56999969,152.7220001,6822.339844,51325.60938
2025-10-31,3138,1560,3283,2330,2081.5,5149,4332,5318,4031,158.3999939,2461.5,3712,3802,60.97999954,153.8999939,6840.200195,52411.33984
2025-11-04,3155,1590,3323,2332,2075,5120,4295,5221,3921,155.3999939,2454.5,3568,3756,60.56000137,154.2039948,6771.549805,51497.19922
2025-11-05,3040,1561,3235,2294,2035.5,5022,4244,4998,3869,150.1999969,2448.5,3572,3933,59.59999847,153.5570068,6796.290039,50212.26953
2025-11-06,3139,1557,3283,2330,2101.5,5129,4350,5201,3935,150.6999969,2469,3639,4057,59.43000031,154.072998,6720.319824,50883.67969
2025-11-07,3118,1585,3309,2314.5,2081,5046,4259,5138,4001,151.1999969,2580.5,3637,4030,59.75,152.947998,6728.799805,50276.37109
2025-11-10,3131,1511,3372,2330,2094.5,5080,4284,5114,4069,151.3999939,2633.5,3672,4035,60.13000107,153.8170013,6832.430176,50911.76172
2025-11-11,3147,1523.5,3466,2321.5,2099,5066,4520,5120,4265,152.3999939,2650,3638,3967,61.04000092,154.1459961,6846.609863,50842.92969
2025-11-12,3190,1544.5,3524,2400,2140,5182,4686,5238,4234,152.3999939,2664,3704,4032,58.49000168,154.0749969,6850.919922,51063.30859
2025-11-13,3198,1565,3550,2450,2165.5,5314,4669,5349,4164,150.8000031,2626.5,3731,4100,58.68999863,154.7129974,6737.490234,51281.82812
2025-11-14,3180,1556.5,3552,2451,2165,5300,4700,5083,4173,151.1999969,2649.5,3750,4103,60.09000015,154.6329956,6734.109863,50376.53125
2025-11-17,3119,1517,3464,2426.5,2264,5286,4548,5122,4190,153.1000061,2660.5,3673,4058,59.90999985,154.5850067,6672.410156,50323.91016
2025-11-18,3029,1491.5,3333,2345,2179.5,5046,4409,4770,3953,152.8000031,2664,3596,3973,60.74000168,155.272995,6617.319824,48702.98047
2025-11-19,3037,1513,3324,2340,2187,5033,4332,4700,3990,152.5,2658.5,3591,3983,59.43999863,155.5480042,6642.160156,48537.69922
2025-11-20,3044,1514,3319,2386.5,2208,5159,4461,4875,4057,152.6000061,2675,3618,4026,59.13999939,156.9920044,6538.759766,49823.94141
2025-11-21,3097,1538.5,3416,2385,2224.5,5163,4507,4710,4129,154.1999969,2718.5,3658,3988,58.06000137,157.3690033,6602.990234,48625.87891
2025-11-25,3077,1541.5,3440,2377.5,2228.5,5261,4388,4710,4124,152.3999939,2667,3638,3987,57.95000076,156.9389954,6765.879883,48659.51953
2025-11-26,3141,1570,3494,2447,2312,5476,4525,4853,4199,155.3000031,2704,3684,4133,58.65000153,156.2299957,6812.609863,49559.07031
2025-11-27,3138,1557.5,3485,2415,2337.5,5458,4583,4958,4228,154.3999939,2698,3674,4131,,156.2389984,,50167.10156
2025-11-28,3133,1572,3509,2423.5,2349,5473,4575,4968,4147,155.8000031,2689.5,3702,4147,58.54999924,156.2839966,6849.089844,50253.91016
2025-12-01,3082,1535,3438,2463,2385.5,5501,4414,4864,4085,155.8000031,2650,3666,4098,59.31999969,155.9279938,6812.629883,49303.28125
2025-12-02,3045,1515,3364,2523.5,2459,5619,4442,4893,4119,155.6999969,2671.5,3678,4119,58.63999939,155.5570068,6829.370117,49303.44922
2025-12-03,3005,1503.5,3263,2470,2408.5,5546,4388,4877,4109,154.6999969,2651.5,3670,4101,58.95000076,155.8070068,6849.720215,49864.67969
2025-12-04,3103,1547.5,3380,2515,2450,5664,4418,4957,4125,155.6000061,2670.5,3838,4281,59.66999817,155.1069946,6857.120117,51028.42188
2025-12-05,3032,1520,3315,2529.5,2474.5,5663,4332,4883,4038,153.8999939,2675,3744,4211,60.08000183,155.1419983,6870.399902,50491.87109
2025-12-08,3060,1528.5,3298,2498.5,2454,5666,4300,4911,4054,154.3000031,2680,3819,4279,58.88000107,155.3399963,6846.509766,50581.94141
2025-12-09,3066,1525,3369,2486,2424.5,5648,4306,4910,4095,153.8000031,2685,3810,4308,58.25,155.8439941,6840.509766,50655.10156
2025-12-10,3116,1575.5,3413,2468,2430,5635,4182,4887,4101,155.6999969,2699.5,3742,4333,58.45999908,156.8379974,6886.680176,50602.80078
2025-12-11,3110,1572,3438,2438.5,2420.5,5571,4100,4806,4060,155.1000061,2694,3721,4543,57.59999847,155.7899933,6901,50148.82031
2025-12-12,3260,1600,3517,2499,2486.5,5721,4181,5010,4216,155.5,2684,3763,4607,57.43999863,155.5670013,6827.410156,50836.55078
2025-12-15,3350,1609.5,3581,2558,2545,5852,4139,4914,4244,155.3999939,2717.5,3780,4597,56.81999969,155.8880005,6816.509766,50168.10938
2025-12-16,3330,1585,3539,2477,2456,5640,4071,4859,4190,155.1000061,2718,3617,4488,55.27000046,155.0149994,6800.259766,49383.28906
2025-12-17,3349,1583,3496,2453.5,2459,5652,4039,4959,4202,154.8999939,2692.5,3600,4477,55.93999863,154.7779999,6721.430176,49512.28125
2025-12-18,3363,1543,3446,2429,2456,5600,4056,4812,4202,156.6999969,2712,3628,4471,56.15000153,155.4949951,6774.759766,49001.5
2025-12-19,3424,1557,3457,2449.5,2510,5626,3994,4911,4307,157,2709.5,3617,4532,56.65999985,155.5859985,6834.5,49507.21094
2025-12-22,3455,1582,3541,2495,2532,5705,3960,5004,4260,154.6999969,2694,3605,4559,58.00999832,157.6759949,6878.490234,50402.39062
2025-12-23,3415,1564,3439,2515,2564.5,5770,4069,5011,4296,156.3000031,2735,3568,4598,58.38000107,156.8769989,6909.790039,50412.87109
2025-12-24,3353,1553.5,3398,2481,2548,5714,3990,4988,4253,156.3000031,2715,3512,4540,58.34999847,156.1759949,6932.049805,50344.10156
2025-12-25,3374,1559.5,3402,2484.5,2543.5,5698,4039,4960,4228,156.6999969,2726,3523,4570,,,,50407.78906
2025-12-26,3380,1540.5,3401,2485.5,2550.5,5667,4045,4972,4263,158.8000031,2750.5,3529,4565,56.74000168,156.0899963,6929.939941,50750.39062
2025-12-29,3364,1541,3389,2496.5,2560.5,5707,4029,4929,4233,158.6000061,2718,3569,4690,58.08000183,156.4629974,6905.740234,50526.92188
2025-12-30,3356,1536,3395,2493,2520.5,5700,4024,4902,4329,157.6999969,2708.5,3586,4643,57.95000076,156.0130005,6896.240234,50339.48047
2026-01-05,3399,1558,3445,2545,2591.5,5874,4079,5068,4309,159.5,2733.5,3653,4753,58.31999969,156.9889984,6902.049805,51832.80078
2026-01-06,3429,1565.5,3394,2625,2665,6172,4111,5445,4340,160.6999969,2727,3787,4850,57.13000107,156.6260071,6944.819824,52518.07812
2026-01-07,3335,1532,3352,2619,2606,6137,3976,5263,4372,159.1999969,2685,3770,4794,55.99000168,156.6799927,6920.930176,51961.98047
2026-01-08,3294,1524.5,3299,2604,2551.5,6060,3930,5088,4388,157.8000031,2669,3739,4780,57.75999832,156.7310028,6921.459961,51117.26172
2026-01-09,3388,1572,3396,2642,2626.5,6195,3876,5135,4336,159.1000061,2680,3782,4799,59.11999893,156.8800049,6966.279785,51939.89062
2026-01-13,3641,1603.5,3536,2782,2707.5,6529,3835,5330,4547,158.6000061,2719.5,3979,5000,61.15000153,157.9859924,6963.740234,53549.16016
2026-01-14,3622,1631,3598,2879.5,2777.5,6726,3848,5398,4634,159,2736.5,4055,5048,62.02000046,159.1790009,6926.600098,54341.23047
2026-01-15,3714,1651,3569,2964,2837.5,6766,3904,5358,4636,159.5,2661,4138,5148,59.18999863,158.4019928,6944.470215,54110.5
2026-01-16,3670,1635.5,3575,2990,2813,6849,3852,5204,4572,157.1000061,2648,4055,5156,59.43999863,158.595993,6940.009766,53936.17188
2026-01-19,3623,1627,3513,2953,2835.5,6856,3780,5219,4564,158.1999969,2680,4118,5100,,157.5350037,,53583.57031
2026-01-20,3541,1622,3460,2934,2797,6826,3736,5197,4386,160.1999969,2700,4090,5115,60.34000015,158.177002,6796.859863,52991.10156
2026-01-21,3552,1607.5,3454,2831.5,2697.5,6557,3701,5181,4382,157.3000031,2669.5,4046,5090,60.61999893,158.1620026,6875.620117,52774.64062
2026-01-22,3584,1639,3489,2817.5,2704,6609,3631,5264,4335,156.1999969,2650,4082,5133,59.36000061,158.4559937,6913.350098,53688.89062
2026-01-23,3624,1616,3411,2835.5,2770.5,6731,3614,5299,4380,157.5,2666.5,4031,5145,61.06999969,158.5010071,6915.609863,53846.87109
2026-01-26,3477,1544.5,3262,2730,2693.5,6523,3546,5107,4037,156.8999939,2650,3910,4970,60.63000107,155.1660004,6950.22998,52885.25
2026-01-27,3459,1536,3248,2771.5,2715,6582,3490,5094,4087,155.1999969,2618.5,4008,5016,62.38999939,154.3359985,6978.600098,53333.53906
2026-01-28,3347,1500,3195,2750,2673,6613,3404,5087,4043,154.6000061,2619.5,4088,4990,63.20999908,152.4530029,6978.029785,53358.71094
2026-01-29,3448,1532.5,3250,2776.5,2710.5,6673,3432,5077,4075,153.3000031,2590,4057,5069,65.41999817,153.095993,6969.009766,53375.60156
2026-01-30,3504,1555,3327,2804.5,2736,6783,3454,5361,4283,154.8999939,2606.5,4097,5035,65.20999908,153.1620026,6939.029785,53322.85156
2026-02-02,3535,1561.5,3338,2744,2643,6560,3409,5289,4373,156.1999969,2663.5,4081,4952,62.13999939,155.2019958,6976.439941,52655.17969
2026-02-03,3594,1578,3438,2882.5,2773,6961,3505,5381,4410,156.3000031,2714.5,4209,5147,63.20999908,155.4429932,6917.810059,54720.66016
2026-02-04,3725,1612.5,3530,2949.5,2815,7252,3345,5160,4064,153.3999939,2750,4337,5230,65.13999939,155.798996,6882.720215,54293.35938
2026-02-05,3706,1639.5,3538,2879.5,2826.5,7111,3348,5164,3944,154.5,2785,4625,5123,63.29000092,156.9170074,6798.399902,53818.03906
2026-02-06,3780,1692,3342,2951.5,2955,7347,3507,5367,3913,152.5,2799,4723,5176,63.54999924,156.7839966,6932.299805,54253.67969
2026-02-09,3729,1635,3044,2957.5,2992,7559,3455,5818,4016,152.5,2541,4925,5364,64.36000061,157.2440033,6964.819824,56363.94141
2026-02-10,3714,1669.5,3160,3034,3067,7818,3560,5650,4123,153.8000031,2580,5137,5495,63.95999908,156.1320038,6941.810059,57650.53906
2026-02-12,3705,1611,3146,3085,3102,7867,3605,5575,3987,153.3999939,2661.5,5164,5807,62.84000015,153.2689972,6832.759766,57639.83984
2026-02-13,3774,1601,3165,3003,3031,7681,3552,5209,3828,154.6000061,2694,5058,5691,62.88999939,152.8209991,6836.169922,56941.96875
2026-02-16,3666,1555.5,3094,2911,2928,7275,3608,5086,3808,154.1999969,2693.5,4928,5601,,152.779007,,56806.41016
2026-02-17,3713,1570.5,3072,2876.5,2858,7000,3487,4897,3700,153.1000061,2670,4890,5430,62.33000183,153.6089935,6843.220215,56566.48828
2026-02-18,3730,1582.5,3080,2951.5,2939,7033,3473,4912,3687,153,2680,4900,5448,65.19000244,153.1490021,6881.310059,57143.83984
2026-02-19,3774,1581.5,3086,3009,3064.5,7307,3445,4992,3713,152.5,2641,4977,5593,66.43000031,154.6929932,6861.890137,57467.82812
2026-02-20,3635,1543,3021,2942,2981.5,7175,3336,4930,3630,151,2616,4991,5505,66.38999939,155.1600037,6909.509766,56825.69922
2026-02-24,3656,1543,2916.5,2888,2904,6930,3306,4813,3313,150.8000031,2620,5132,5555,65.62999725,154.6349945,6890.069824,57321.08984
2026-02-25,3720,1548.5,2955,2831,2849.5,6643,3292,4880,3345,150.8999939,2655.5,5161,5700,65.41999817,155.8800049,6946.129883,58583.12109
2026-02-26,3776,1561,2971,2925,2945,6983,3398,5148,3546,152.1000061,2675.5,5161,5708,65.20999908,156.1999969,6908.859863,58753.39062
2026-02-27,3825,1584.5,2966.5,2968.5,2998.5,7151,3643,5226,3588,153.3000031,2671,5290,5872,67.01999664,155.8589935,6878.879883,58850.26953
2026-03-02,3944,1553,2918,2820,2863.5,6810,3593,5069,3532,152.3000031,2663,5324,6040,71.23000336,156.6329956,6881.620117,58057.23828
2026-03-03,3702,1491,2746.5,2775,2781,6500,3368,4815,3422,152.1000061,2670.5,5315,5959,74.55999756,157.2570038,6816.629883,56279.05078
2026-03-04,3520,1450.5,2671,2644.5,2599.5,6120,3389,4750,3443,151.1999969,2649.5,4953,5564,74.66000366,157.772995,6869.5,54245.53906
2026-03-05,3481,1431.5,2670.5,2735,2696,6510,3380,4860,3496,150.1999969,2679,5114,5904,81.01000214,156.9830017,6830.709961,55278.05859
2026-03-06,3515,1462,2725,2759.5,2711.5,6552,3473,4831,3683,151.1000061,2668.5,5073,5931,90.90000153,157.5339966,6740.02002,55620.83984
2026-03-09,3393,1454,2674.5,2665,2605,6176,3346,4718,3683,154,2680,4918,5722,94.76999664,158.427002,6795.990234,52728.71875
2026-03-10,3473,1466.5,2698.5,2721.5,2678,6451,3403,4932,3657,154.1000061,2709.5,5177,5892,83.44999695,157.8480072,6781.47998,54248.39062
2026-03-11,3510,1466.5,2712,2684.5,2651,6354,3446,4866,3555,155.5,2662,5220,5968,87.25,158.1139984,6775.799805,55025.37109
2026-03-12,3467,1448.5,2692,2654,2577,6187,3459,4926,3545,155.6999969,2626.5,5120,5792,95.73000336,159.0749969,6672.620117,54452.96094
2026-03-13,3370,1368,2624.5,2656,2554,6136,3458,4853,3575,154.6999969,2632,5211,5828,98.70999908,159.2059937,6632.189941,53819.60938
2026-03-16,3338,1344.5,2568.5,2634,2540,6095,3384,4800,3541,155.6999969,2637,5175,5974,93.5,159.5679932,6699.379883,53751.14844
2026-03-17,3379,1342,2577.5,2659.5,2563,6130,3327,4801,3522,157.3000031,2661,5297,6205,96.20999908,159.1049957,6716.089844,53700.39062
2026-03-18,3404,1345,2608.5,2731,2628,6320,3286,4869,3475,158,2686,5712,6659,96.31999969,158.8890076,6624.700195,55239.39844
2026-03-19,3325,1302,2559,2686,2578,6150,3271,4849,3340,158.6000061,2667,5397,6250,96.13999939,159.7949982,6606.490234,53372.53125
2026-03-23,3251,1284,2496.5,2564.5,2504.5,5929,3192,4800,3268,157,2664,5272,5874,88.12999725,159.2339935,6581,51515.48828
2026-03-24,3271,1300.5,2560,2639,2574,6159,3232,4810,3343,156.3999939,2677.5,5426,6147,92.34999847,158.4790039,6556.370117,52252.28125
2026-03-25,3338,1314,2585,2718.5,2655.5,6421,3266,4881,3351,157.5,2705.5,5556,6253,90.31999969,158.7180023,6591.899902,53749.62109
2026-03-26,3388,1320,2592,2700.5,2623,6368,3218,4779,3261,158.8000031,2710,5655,6390,94.48000336,159.3840027,6477.160156,53603.64844
2026-03-27,3408,1340,2601,2715,2623,6379,3209,4716,3266,159,2723,5762,6540,99.63999939,159.7039948,6368.850098,53373.07031
2026-03-30,3224,1270.5,2473,2621,2526.5,6135,3188,4533,3121,156.3000031,2709,5669,6289,102.8799973,160.2339935,6343.720215,51885.85156
2026-03-31,3162,1257.5,2483.5,2600,2503,6087,3209,4464,3172,157.1999969,2723.5,5317,5959,101.3799973,159.8410034,6528.52002,51063.71875
2026-04-01,3311,1286,2553,2808,2727.5,6609,3372,4732,3299,155.8999939,2633,5490,6325,100.1200027,158.5789948,6575.319824,53739.67969
2026-04-02,3262,1273,2510.5,2760,2694,6424,3329,4675,3260,157,2711,5397,6212,111.5400009,158.6880035,6582.689941,52463.26953
2026-04-03,3255,1269,2538.5,2761.5,2686.5,6468,3324,4811,3273,157.8000031,2745,5475,6381,,159.4909973,,53123.48828
2026-04-06,3247,1262,2523,2792,2689.5,6475,3292,4719,3255,157.1000061,2763.5,5405,6364,112.4100037,159.7799988,6611.830078,53413.67969
2026-04-07,3252,1252,2522,2811,2709,6539,3311,4764,3345,155.3999939,2702.5,5425,6378,112.9499969,159.6829987,6616.850098,53429.55859
2026-04-08,3384,1283.5,2593.5,2885,2810.5,6946,3388,4915,3469,155.3000031,2711,5436,6361,94.41000366,158.7160034,6782.810059,56308.42188
2026-04-09,3331,1276,2540,2842.5,2776,6730,3375,4843,3396,154.6000061,2708.5,5413,6380,97.87000275,158.6419983,6824.660156,55895.32031
2026-04-10,3319,1269.5,2544.5,2842,2768,6786,3325,4810,3324,153.1000061,2582,5307,6292,96.56999969,159.1119995,6816.890137,56924.10938
2026-04-13,3319,1254,2506,2860,2788.5,6735,3251,4848,3339,152.6000061,2620,5275,6233,99.08000183,159.6799927,6886.240234,56502.76953
2026-04-14,3326,1269,2539,2850,2769.5,6790,3280,4957,3481,152.1000061,2607,5193,6136,91.27999878,159.2140045,6967.379883,57877.39062
2026-04-15,3381,1285,2506,2913.5,2825,6955,3340,5220,3629,154,2634,4989,5902,91.29000092,158.7920074,7022.950195,58134.23828
2026-04-16,3392,1301.5,2548,2946.5,2845,6872,3407,5220,3679,153,2627,5086,5967,94.69000244,158.8090057,7041.279785,59518.33984
2026-04-17,3343,1300.5,2537.5,2870,2799,6768,3395,5157,3770,154,2590.5,4952,5800,83.84999847,159.1950073,7126.060059,58475.89844
2026-04-20,3390,1341,2569,2870.5,2787.5,6775,3384,5153,3753,153.5,2626.5,4910,5836,89.61000061,159.1609955,7109.140137,58824.89062
2026-04-21,3280,1342,2570.5,2830.5,2735.5,6647,3346,5189,3883,152.3000031,2633.5,4844,5780,92.12999725,158.8439941,7064.009766,59349.17188
2026-04-22,3191,1322.5,2500.5,2794,2721,6613,3343,5034,3878,151.5,2613,4746,5614,92.95999908,159.3730011,7137.899902,59585.85938
2026-04-23,3123,1312,2501,2752,2675,6482,3263,5203,3773,151.3999939,2600.5,4792,5719,95.84999847,159.4880066,7108.399902,59140.23047
2026-04-24,3067,1296.5,2447.5,2755.5,2673.5,6427,3208,5229,3696,151.5,2565,4950,5784,94.40000153,159.746994,7165.080078,59716.17969
2026-04-27,3067,1292.5,2440,2788,2702,6598,3188,5356,3825,151.1999969,2518,4810,5690,96.37000275,159.576004,7173.910156,60537.35938
2026-04-28,3112,1293.5,2438.5,2875,2824,6936,3234,5047,3693,151.1000061,2579.5,4913,5820,99.93000031,159.3569946,7138.799805,59917.46094
2026-04-30,3023,1266.5,2349.5,2817,2756,6722,3113,4882,3180,152.5,2582.5,4990,5896,105.0699997,160.1840057,7209.009766,59284.92188
2026-05-01,3000,1262.5,2369.5,2798,2770.5,6704,3127,4795,3075,152,2548,5219,5765,101.9400024,156.9779968,7230.120117,59513.12109
2026-05-07,2978,1259.5,2343,2863,2844.5,6926,3130,4850,3240,150.8000031,2525,5398,5578,94.80999756,156.5079956,7337.109863,62833.83984
2026-05-08,2913,1269,2358,2806.5,2773,6771,3114,4938,3382,150.1999969,2528.5,5249,5560,95.41999817,156.8289948,7398.930176,62713.64844
2026-05-11,2870,1251,2319.5,2856.5,2830.5,6890,3372,4887,3341,148.3999939,2519.5,5252,5649,98.06999969,156.8580017,7412.839844,62417.87891
2026-05-12,2843,1255.5,2288,2886,2894.5,6970,3484,4868,3307,149.3999939,2529.5,5500,5868,102.1800003,157.2310028,7400.959961,62742.57031
2026-05-13,2939.5,1272,2346,2926.5,2926,7050,3660,4750,3356,150,2540.5,5864,6132,101.0199966,157.6710052,7444.25,63272.10938
2026-05-14,3008,1320,2402,2877,2837.5,6984,3444,4671,3240,149.6000061,2645.5,5882,6131,101.1699982,157.8509979,7501.240234,62654.05078
2026-05-15,3085,1430,2567.5,2929,2851,6912,3576,4812,3217,151.8000031,2724,5849,6106,105.4199982,158.3820038,7408.5,61409.28906
2026-05-18,2954.5,1342.5,2385,2995,2866,6525,3596,4808,3231,152.3999939,2688.5,5500,5883,108.6600037,158.8439941,7403.049805,60815.94922
2026-05-19,2957,1342.5,2450,3108,2971,6886,3720,4944,3332,155.3000031,2764,5519,5875,107.7699966,158.8609924,7353.609863,60550.58984
2026-05-20,2942,1343,2437,3030,2941,6982,3606,4908,3263,156.5,2780,5436,5804,98.26000214,159.0350037,7432.970215,59804.41016
2026-05-21,2978,1384,2493,3067,3015.5,7301,3554,5123,3259,153.6999969,2718,5411,5662,96.34999847,158.8880005,7445.720215,61684.14062
2026-05-22,2987,1401,2441,3091,3003,7457,3525,5002,3307,152.6000061,2709.5,5432,5580,96.59999847,159.0180054,7473.470215,63339.07031
2026-05-25,3026,1408.5,2464.5,3066,3028,7304,3598,5054,3308,150.6999969,2634.5,5320,5465,,158.9459991,,65158.19141
2026-05-26,3022,1407,2466,3061,3032.5,7359,3548,5056,3370,149.6999969,2616.5,5186,5381,93.88999939,158.9539948,7519.120117,64996.08984
2026-05-27,3008,1421.5,2437,3031,2975,7217,3525,4960,3512,151,2689.5,5124,5359,88.68000031,159.2429962,7520.359863,64999.41016
2026-05-28,3030,1441.5,2465.5,2982,2924.5,7065,3451,5174,3513,150.1000061,2714,5038,5327,88.90000153,159.5679932,7563.629883,64693.12109
2026-05-29,3042,1452.5,2442,2999,2909.5,7195,3444,5166,3368,149.5,2738.5,5065,5290,87.36000061,159.2700043,7580.060059,66329.5
2026-06-01,2905.5,1402,2422,3023,2930.5,7185,3542,5126,3650,148,2684,4921,5033,92.16000366,159.3529968,7599.959961,66934.32812
2026-06-02,2844,1387,2438.5,3046,2975.5,7346,3669,5083,3701,147.8999939,2661.5,4924,5066,93.76000214,159.6360016,7609.779785,66734.24219
2026-06-03,2881,1496.5,2471,3137,3074,7633,3619,5270,3576,147.8000031,2706.5,4979,5059,96.01999664,159.9680023,7553.680176,68402.13281
2026-06-04,2838.5,1504.5,2474.5,3169,3064.5,7645,3540,5183,3485,146.8999939,2643.5,4896,5041,93.04000092,159.9400024,7584.310059,67470.6875
2026-06-05,2850,1444.5,2454.5,3219,3115,7716,3559,5300,3591,146,2651.5,4859,5039,90.54000092,159.9900055,7383.740234,66588.11719
2026-06-08,2822.5,1438.5,2493,3168,3052.5,7562,3508,5031,3465,147.3000031,2724,4833,4932,91.30000305,160.3269958,7405.72998,64024.60156
2026-06-09,2830,1444.5,2523,3180,3091,7690,3443,4882,3437,146.6999969,2721,4805,4931,88.19999695,160.173996,7386.649902,65416.62891
2026-06-10,2814,1437.5,2535.5,3183,3113.5,7614,3385,4784,3362,149,2752,4615,4849,90.02999878,160.3840027,7266.990234,64179.26953
2026-06-11,2747.5,1427.5,2480,3141,3101.5,7394,3369,4655,3367,150.6999969,2757.5,4605,4857,87.70999908,160.5269928,7394.299805,64217.26953
2026-06-12,2775.5,1411,2474,3162,3203,7563,3292,4657,3260,148,2769,4683,4886,84.87999725,160.1300049,7431.459961,66020.03906
2026-06-15,2902.5,1458,2568,3242,3259.5,7793,3320,4737,3260,146.6000061,2718,4728,4838,80.75,159.9550018,7554.290039,69317.5
2026-06-16,2847.5,1439,2564.5,3228,3204.5,7757,3275,4747,3276,145.8999939,2714.5,4595,4703,76.05000305,160.2290039,7511.350098,69404.5
2026-06-17,2810,1415.5,2582.5,3272,3225,8006,3286,4701,3256,146.8999939,2728,4610,4719,76.79000092,160.4190063,7420.100098,69902.25
2026-06-18,2793.5,1414,2577,3374,3364,8249,3250,4800,3343,147.8999939,2715.5,4570,4719,76.59999847,160.6000061,7500.580078,71053.49219
2026-06-19,2776.5,1412.5,2440.5,3278,3241,7884,3140,4764,3211,144.3999939,2721.5,4540,4716,,161.2890015,,71250.0625
2026-06-22,2741.5,1413.5,2427.5,3333,3322.5,8043,3183,4864,3188,144,2635.5,4609,4739,74.81999969,161.4329987,7472.790039,72353.96094
2026-06-23,2706,1397.5,2391.5,3267,3229,7820,3159,4750,3162,144.1999969,2664,4591,4672,73.20999908,161.5700073,7365.459961,69788.38281
2026-06-24,2686,1391.5,2375,3205,3178,7722,3250,4691,3232,145.1000061,2679.5,4530,4596,70.33999634,161.598999,7358.220215,69174.96875
2026-06-25,2700.5,1414,2401.5,3233,3170,7725,3197,4554,3187,143.8000031,2668.5,4400,4446,71.91999817,161.7630005,7357.490234,72366.34375
2026-06-26,2768,1449.5,2401,3245,3195.5,7794,3199,4478,3199,144.3000031,2681,4403,4508,69.23000336,161.8049927,7354.02002,69360.88281
2026-06-29,2772,1476,2401.5,3211,3172,7652,3299,4486,3283,146,2717,4414,4513,70.75,161.7870026,7440.430176,69468.10938
2026-06-30,2725,1480,2390,3207,3173,7743,3280,4471,3247,145,2745,4347,4497,69.5,161.9230042,7499.359863,70062.32031
2026-07-01,2724.5,1472.5,2406,3247,3216.5,7814,3250,4496,3237,142.8000031,2655,4344,4440,68.58000183,162.628006,7483.22998,70474.96094
2026-07-02,2793,1527,2501.5,3306,3286.5,7973,3330,4669,3344,146.1000061,2723.5,4385,4551,68.69000244,162.5390015,7483.240234,68733.14844
2026-07-03,2828,1550,2515.5,3326,3336,8078,3380,4615,3326,146.1000061,2702.5,4457,4600,,161.4490051,,69744.07031
2026-07-06,2923,1599,2589.5,3370,3400,8195,3422,4805,3349,147,2737.5,4507,4667,68.55000305,161.4519958,7537.430176,69737.6875
2026-07-07,2946,1570.5,2573.5,3446,3406,8227,3502,4942,3392,148,2779,4500,4677,70.44000244,162.0879974,7503.850098,68256.96094
2026-07-08,2889,1525,2525,3433,3405.5,8250,3468,4778,3354,149.5,2808,4464,4657,73.51999664,162.3630066,7482.709961,66819.04688
2026-07-09,2824,1502,2488.5,3414,3408,8214,3409,4758,3392,149,2805,4411,4614,72.08000183,162.5390015,7543.640137,67743.85156
2026-07-10,2823,1495.5,2492.5,3461,3407,8307,3359,4700,3347,147.6000061,2790.5,4409,4556,71.41000366,162.3630066,7575.390137,68557.72656
2026-07-13,2806,1495,2475,3541,3462.5,8417,3341,4716,3308,149.1000061,2809.5,4440,4580,78.13999939,161.878006,7515.339844,67242.72656
2026-07-14,2839,1513.5,2485.5,3600,3483.5,8480,3383,4802,3378,150.1999969,2835,4496,4698,79.33999634,162.4290009,7543.589844,67743.5
2026-07-15,2875.5,1511.5,2499.5,3697,3560.5,8624,3389,4796,3218,150,2852.5,4585,4824,79.59999847,162.1869965,7572.399902,68751.50781
2026-07-16,2909,1558.5,2518.5,3629,3515,8440,3438,4828,3257,150.8999939,2844,4530,4738,78.94999695,162.0720062,7533.77002,66835.53906
2026-07-17,2899.5,1535.5,2534,3473,3360.5,7930,3470,4717,3298,151.1000061,2868,4447,4662,82.48999786,162.3760071,7457.689941,64141.12109
2026-07-21,2944.5,1557,2591,3580,3475.5,8302,3458,4792,3309,151.6999969,2881.5,4664,4824,84.91000366,162.4869995,7509.200195,66232.1875
2026-07-22,2939,1559,2583,3668,3536,8529,3444,4807,3311,152,2875.5,4888,4911,86.83000183,163.1860046,7498.959961,66115.60156
2026-07-23,2950,1566.5,2611.5,3750,3583.5,8766,3445,4854,3244,149.6999969,2870.5,4916,4970,92.19000244,163.0809937,7408.299805,66422.60156
2026-07-24,2897,1536,2557,3754,3580.5,8652,3409,4850,3279,151.3000031,2922.5,4918,4966,89.30999756,163.8320007,7411.97998,64611.14844
2026-07-27,2965.5,1583,2663.5,3799,3607,8631,3574,5023,3482,154.3000031,2953,4847,4975,82.61000061,163.6109924,7413.180176,64931.19141
2026-07-28,3008,1612,2680,3661,3467,8210,3662,4890,3700,156.3999939,2993,4776,4890,79.26000214,163.7709961,7428.779785,62364.92188
2026-07-29,3224,1688.5,2848.5,3647,3438,8112,3809,4957,3844,160.3000031,3108,4819,4918,84.45999908,163.8639984,7316.149902,61434.19141
2026-07-30,3126,1670,2823,3525,3333,7818,3809,5255,3902,159,3051,4777,4920,83.58999634,163.3000031,7437.629883,61867.42969
2026-07-31,3067,1625.5,2715.5,3571,3407,8167,3787,5267,3659,152.3999939,2921,4776,4937,84.66999817,160.1829987,7489.720215,64362.01953
2026-08-03,2963.5,1567,2618,3567,3307,8094,3589,5301,3500,152.5,2903,4787,4874,80.33999634,157.5820007,7600.5,63754.89844
2026-08-04,2918.5,1575,2584,3470,3257.5,8131,3539,5412,3436,150.3999939,2873.5,4738,4815,75.76999664,157.529007,7736.52002,63957.53125
2026-08-05,2914.5,1636,2475.5,3541,3333,8470,3565,5476,3483,151,2856.5,4641,4700,75.22000122,157.6920013,7723.549805,66300.4375
2026-08-06,2983.5,1635.5,2515,3574,3390.5,8499,3626,5500,3579,154.5,2901,4748,4763,77.29000092,157.6000061,7709.959961,65683.25781
2026-08-07,2980,1683,2567.5,3564,3391,8446,3721,5620,3675,158.5,2981,4868,4933,78.18000031,158.4089966,7757.640137,65606.71094
2026-08-10,2981,1692,2615,3510,3314.5,8244,3764,5620,3719,159.8999939,2830,4849,4880,82.12999725,157.8910065,7753.109863,66970.21875
2026-08-12,2999.5,1664.5,2582.5,3606,3428.5,8502,3762,5669,3701,158.3999939,2833,4856,4900,83.26999664,159.2649994,7748.5,67524.0625
2026-08-13,2985,1647.5,2557.5,3709,3484.5,8775,3700,5702,3750,160.5,2830,4832,4894,81.25,159.3280029,7798.990234,68308.59375
2026-08-14,3020,1658,2583,3686,3484.5,8620,3912,5767,3841,162.6999969,2877.5,4769,4825,82.40000153,159.4259949,7785.759766,68713.79688
2026-08-17,3013,1687,2557.5,3649,3459,8530,3780,5571,3664,161.5,2833.5,4709,4796,84.5,159.2230072,7745.060059,69220.25
2026-08-18,3022,1713,2588.5,3654,3450,8531,3718,5514,3601,160.3999939,2854,4778,4873,84.94000244,159.3399963,7691.759766,67460.72656
2026-08-19,2941,1662,2518.5,3495,3284,8108,3689,5225,3607,159.3999939,2840.5,4648,4779,85.83000183,159.5500031,7707.97998,65326.42188
2026-08-20,3066,1741.5,2633.5,3464,3273,8085,3777,5263,3743,161.3999939,2861,4696,4774,87.83000183,158.276001,7641.160156,66216.78906
2026-08-21,3132,1753,2655.5,3508,3303,8110,3785,5196,3646,166.1000061,2915.5,4794,4899,87.05999756,158.8829956,7674.370117,66016.35938
2026-08-24,3125,1747,2655.5,3481,3296.5,8108,3850,5266,3700,166.5,2877,4793,4954,85.01000214,158.904007,7652.859863,65528.08984
2026-08-25,3082,1696,2613,3529,3316.5,8208,3832,5300,3728,169.1999969,2909.5,4765,4949,82.36000061,159.1390076,7677.279785,65856.42969
2026-08-26,3070,1674.5,2625.5,3579,3366,8314,3878,5307,3716,169.6000061,2897.5,4718,4894,82.23000336,159.2230072,7675.700195,66262.15625
2026-08-27,3077,1662.5,2585,3608,3397,8340,3870,5433,3753,168.1999969,2880.5,4737,4927,83.52999878,159.2550049,7730.990234,66131.97656
2026-08-28,3116,1702.5,2639,3658,3451,8486,3928,5550,3904,168.6000061,2922,4786,4979,83.40000153,159.3209991,7711.759766,66405.5625
2026-08-31,3156,1710,2668,3680,3487.5,8623,4016,5438,3869,172.5,2959.5,4804,5009,85.76000214,160.121994,7686.140137,66311.92969
2026-09-01,3243,1733,2735.5,3700,3504.5,8697,4046,5541,3947,175.6000061,3007,4956,5198,90.22000122,159.746994,7631.470215,66215.34375
2026-09-02,3133,1692,2666,3684,3485.5,8669,3920,5335,3801,175.1999969,2986,4860,5119,91.01000214,160.1959991,7666.600098,64325.64062
2026-09-03,3117,1718,2655,3754,3544.5,8731,3895,5352,3795,173.1999969,2981.5,5059,5253,91.30000305,158.9230042,7747.709961,64214.48047
2026-09-04,3081,1696.5,2637.5,3785,3541.5,8774,3885,5377,3900,172.6000061,2981,4902,5019,91.48000336,155.6600037,7718.600098,65020.94141
2026-09-07,3096,1695,2640.5,3711,3488,8710,3780,5358,3831,168.8000031,2961,4990,5099,,156.1970062,,66399.84375
2026-09-08,2968.5,1610.5,2539.5,3656,3464,8599,3654,5187,3775,172,2990.5,4927,5093,93.02999878,153.8549957,7673.52002,65269.32812
2026-09-09,2971,1620,2555.5,3601,3400.5,8476,3625,5173,3745,172.1999969,2976.5,5038,5156,96.05000305,153.4779968,7636.359863,65142.78125
2026-09-10,2994,1634.5,2561,3662,3450.5,8606,3640,5182,3788,175.1999969,3008,4987,5093,102.4800034,153.572998,7591.700195,65270.94922
2026-09-11,3031,1664,2619.5,3661,3455.5,8654,3632,5199,3749,175.6999969,3031,5005,5060,100.0500031,154.4819946,7656.97998,64011.33984
2026-09-14,3025,1679,2649,3720,3515,8790,3788,5325,4026,178.3000031,3070,4991,5164,101.3899994,153.423996,7619.97998,63492.98828
2026-09-15,3021,1675,2629,3668,3421,8598,3725,5221,3945,178.1000061,3044,4910,5069,105.8300018,154.3849945,7585.72998,63484.10156
2026-09-16,3016,1684.5,2625.5,3655,3421,8566,3719,5372,3934,177.1000061,3079,4944,5174,102.4300003,155.2660065,7551.810059,63923
2026-09-17,3034,1708.5,2686.5,3652,3439,8549,3754,5475,4008,180,3109,4979,5224,101.9100037,156.0140076,7637.759766,64136.25
2026-09-18,3025,1689,2632.5,3620,3415,8495,3697,5524,3979,177.3000031,3060,4947,5161,100.3000031,156.1289978,7650.5,65018.94922
2026-09-24,2969,1733,2628,3573,3339.5,8280,3663,5497,3993,174.8999939,3031,4811,5033,94.61000061,158.2649994,7704.129883,65513.98828
2026-09-25,2989.5,1735.5,2660,3714,3459.5,8626,3710,5536,4028,176.1000061,3039,4859,5071,92.41000366,158.8110046,7743.410156,66364.20312
2026-09-28,2986.5,1718,2630,3721,3495,8799,3680,5518,3978,174.6999969,2981.5,4818,5021,92.59999847,157.4629974,7683.689941,65877.61719
2026-09-29,2881.5,1669,2534,3592,3357,8472,3732,5465,3945,171.3000031,2923.5,4637,4829,89.37999725,157.3609924,7670.839844,65481.26953
2026-09-30,2920,1682,2550,3700,3471,8855,3759,5489,3957,171.6000061,2928,4769,4930,90.41999817,157.404007,7651.540039,66753.71875
2026-10-01,2925,1696,2537,3586,3383,8611,3787,5510,4002,170.3000031,2931,4722,4916,92.87000275,157.5579987,7666.450195,68956.71875
2026-10-02,2856.5,1664.5,2487,3544,3321,8446,3753,5522,4069,169.8999939,2896.5,4694,4902,91.11000061,157.927002,7722.720215,68309.46094
2026-10-05,2893.5,1676.5,2511.5,3615,3374,8668,3723,5642,4063,170,2893,4709,4925,89.43000031,157.7339935,7773.950195,69946.85938
2026-10-06,2930.5,1687.5,2532.5,3671,3429,8857,3768,5660,4053,170.1000061,2883,4713,4962,89.44000244,157.9629974,7818.930176,70683.97656
2026-10-07,2900.5,1683.5,2539.5,3622,3372,8644,3743,5649,4127,172.1000061,2877,4676,4907,89.19000244,158.2960052,7801.77002,
