Date,Close,7267_T_known,7270_T_known,_N225_known,JPY_X_known
2023-10-12,2740,1675,2848,31936.50977,148.3269958
2023-10-13,2687.5,1717.5,2862,32494.66016,148.628006
2023-10-16,2660,1682.5,2828.5,32315.99023,149.0359955
2023-10-17,2681,1663,2788.5,31659.0293,149.7899933
2023-10-18,2669,1683,2831,32040.28906,149.5659943
2023-10-19,2645,1675,2806.5,32042.25,149.5780029
2023-10-20,2617,1649.5,2724.5,31430.61914,149.7590027
2023-10-23,2610,1632,2683.5,31259.35938,149.7420044
2023-10-24,2597.5,1612.5,2667.5,30999.55078,149.802002
2023-10-25,2640,1607,2657.5,31062.34961,149.8800049
2023-10-26,2594.5,1620.5,2668,31269.91992,149.7689972
2023-10-27,2638.5,1594,2635.5,30601.7793,149.8540039
2023-10-30,2574,1595,2645.5,30991.68945,150.0980072
2023-10-31,2590,1527.5,2552,30696.96094,150.3659973
2023-11-01,2712,1506.5,2559.5,30858.84961,149.7330017
2023-11-02,2760,1568.5,2725,31601.65039,149.1109924
2023-11-06,2846,1573,2673,31949.89062,151.2940063
2023-11-07,2832,1621,2745,32708.48047,150.5749969
2023-11-08,2757,1614,2732.5,32271.82031,149.4490051
2023-11-09,2817.5,1608,2716,32166.48047,149.9889984
2023-11-10,2803,1654,2746,32646.46094,150.3959961
2023-11-13,2817,1586,2697,32568.10938,150.8639984
2023-11-14,2843.5,1563.5,2718,32585.10938,151.348999
2023-11-15,2860,1599.5,2772,32695.92969,151.4689941
2023-11-16,2879,1602.5,2778.5,33519.69922,151.6459961
2023-11-17,2892.5,1611,2763,33424.41016,150.4850006
2023-11-20,2780,1626,2758.5,33585.19922,151.2149963
2023-11-21,2735,1564.5,2673.5,33388.03125,150.7050018
2023-11-22,2728.5,1530,2624,33354.14062,149.9420013
2023-11-24,2803,1542.5,2684,33451.82812,148.3619995
2023-11-27,2770,1570,2703.5,33625.53125,148.1519928
2023-11-28,2755,1545.5,2666.5,33447.67188,149.6349945
2023-11-29,2802.5,1526,2651.5,33408.39062,149.5709991
2023-11-30,2794.5,1505,2582.5,33321.21875,148.4519958
2023-12-01,2833,1509,2621,33486.89062,147.0630035
2023-12-04,2767.5,1529.5,2660.5,33431.51172,147.0390015
2023-12-05,2753.5,1489,2597,33231.26953,147.9989929
2023-12-06,2827,1496.5,2659.5,32775.82031,146.3930054
2023-12-07,2794.5,1527,2718,33445.89844,147.3269958
2023-12-08,2680.5,1496.5,2673,32858.30859,147.1849976
2023-12-11,2705.5,1458,2562.5,32307.85938,147.1840057
2023-12-12,2681.5,1494.5,2598,32791.80078,144.2779999
2023-12-13,2673.5,1477.5,2617,32843.69922,144.9830017
2023-12-14,2571.5,1469,2583,32926.35156,146.0850067
2023-12-15,2600.5,1395.5,2449.5,32686.25,145.2799988
2023-12-18,2619.5,1424,2560,32970.55078,142.772995
2023-12-19,2640.5,1424.5,2568,32758.98047,142.279007
2023-12-20,2644,1445.5,2594,33219.39062,142.3130035
2023-12-21,2537.5,1485.5,2655,33675.94141,142.7220001
2023-12-22,2516,1442,2563,33140.46875,143.8890076
2023-12-25,2537,1446.5,2574,33169.05078,143.522995
2023-12-26,2541,1446.5,2576,33254.03125,142.0700073
2023-12-27,2583,1443,2559,33305.85156,142.3419952
2023-12-28,2556,1453,2582,33681.23828,142.2299957
2023-12-29,2590.5,1450,2575,33539.62109,142.4609985
2024-01-04,2635,1466,2586,33464.17188,141.3990021
2024-01-05,2701.5,1497,2699,33288.28906,141.4299927
2024-01-09,2694,1530,2765.5,33377.42188,142.9989929
2024-01-10,2745,1517.5,2742.5,33763.17969,144.7649994
2024-01-11,2844,1533.5,2777,34441.71875,144.2299957
2024-01-12,2837,1568.5,2871,35049.85938,144.4279938
2024-01-15,2849.5,1563.5,2850.5,35577.10938,145.7339935
2024-01-16,2854.5,1564,2861,35901.78906,145.0460052
2024-01-17,2856.5,1561.5,2837,35619.17969,145.1490021
2024-01-18,2931.5,1571.5,2844,35477.75,145.7940063
2024-01-19,2962,1594,2878.5,35466.17188,147.2460022
2024-01-22,2982,1587,2899,35963.26953,148.1179962
2024-01-23,2991,1610,2969,36546.94922,148.128006
2024-01-24,2959.5,1597,2964,36517.57031,148.1210022
2024-01-25,2964,1587,2919,36226.48047,148.1419983
2024-01-26,2892.5,1593.5,2910.5,36236.46875,148.2510071
2024-01-29,2983.5,1583.5,2901.5,35751.07031,147.5910034
2024-01-30,2959.5,1644.5,2972.5,36026.94141,147.7230072
2024-01-31,3000,1627.5,2961,36065.85938,148.1399994
2024-02-01,2945,1675.5,2991,36286.71094,147.4680023
2024-02-02,2951.5,1644.5,2938,36011.46094,147.3690033
2024-02-05,2992,1635,2927.5,36158.01953,146.9960022
2024-02-06,3135,1683.5,2978,36354.16016,146.451004
2024-02-07,3260,1691,3028,36160.66016,148.5010071
2024-02-08,3350,1710.5,3095,36119.92188,148.6399994
2024-02-09,3323,1734,3231,36863.28125,147.8179932
2024-02-13,3456,1703.5,3210,36897.42188,148.0859985
2024-02-14,3385,1719,3348,37963.96875,149.2590027
2024-02-15,3382,1689.5,3277,37703.32031,149.4049988
2024-02-16,3414,1721.5,3339,38157.94141,150.723999
2024-02-19,3430,1752,3319,38487.23828,150.5440063
2024-02-20,3414,1744,3358,38470.37891,149.9459991
2024-02-21,3429,1748,3359,38363.60938,150.0910034
2024-02-22,3521,1747,3330,38262.16016,150.2700043
2024-02-26,3565,1799.5,3343,39098.67969,149.9389954
2024-02-27,3582,1785,3340,39233.71094,150.3549957
2024-02-28,3570,1776.5,3359,39239.51953,150.4980011
2024-02-29,3621,1774,3389,39208.03125,150.5659943
2024-03-01,3680,1782,3404,39166.19141,150.4949951
2024-03-04,3662,1805.5,3369,39910.82031,150.6560059
2024-03-05,3729,1803,3335,40109.23047,150.0950012
2024-03-06,3769,1798.5,3348,40097.62891,150.1049957
2024-03-07,3660,1821,3415,40090.78125,150.4660034
2024-03-08,3610,1752.5,3256,39598.71094,150.048996
2024-03-11,3498,1765,3152,39688.94141,149.2689972
2024-03-12,3475,1725,3069,38820.48828,147.8679962
2024-03-13,3444,1725,3110,38797.51172,146.7740021
2024-03-14,3445,1732.5,3105,38695.96875,146.7319946
2024-03-15,3488,1752,3141,38807.37891,147.6190033
2024-03-18,3567,1782.5,3169,38707.64062,147.6210022
2024-03-19,3675,1830.5,3267,39740.44141,148.2960052
2024-03-21,3799,1864,3376,40003.60156,148.9550018
2024-03-22,3872,1890,3411,40815.66016,149.1439972
2024-03-25,3830,1921.5,3473,40888.42969,150.7599945
2024-03-26,3850,1879,3430,40414.12109,151.6329956
2024-03-27,3853,1880,3463,40398.03125,151.3049927
2024-03-28,3806,1898,3488,40762.73047,151.3730011
2024-03-29,3799,1863.5,3426,40168.07031,151.5299988
2024-04-01,3639,1893.5,3458,40369.44141,151.2870026
2024-04-02,3633,1850.5,3369,39803.08984,151.4400024
2024-04-03,3620,1843.5,3346,39838.91016,151.397995
2024-04-04,3667,1829.5,3395,39451.85156,151.5809937
2024-04-05,3619,1848.5,3461,39773.14062,151.5399933
2024-04-08,3698,1835.5,3432,38992.07812,151.5809937
2024-04-09,3776,1863.5,3515,39347.03906,151.2920074
2024-04-10,3740,1885.5,3536,39773.12891,151.6900024
2024-04-11,3781,1876,3543,39581.80859,151.8430023
2024-04-12,3767,1873,3565,39442.62891,151.7769928
2024-04-15,3767,1879,3577,39523.55078,152.9640045
2024-04-16,3649,1860,3577,39232.80078,153.1920013
2024-04-17,3597,1813,3531,38471.19922,153.2830048
2024-04-18,3602,1789.5,3468,37961.80078,154.2059937
2024-04-19,3522,1785.5,3461,38079.69922,154.697998
2024-04-22,3517,1747,3300,37068.35156,154.3419952
2024-04-23,3511,1773.5,3307,37438.60938,154.6100006
2024-04-24,3618,1764.5,3292,37552.16016,154.6399994
2024-04-25,3497,1789.5,3376,38460.07812,154.8130035
2024-04-26,3510,1746,3276,37628.48047,154.7440033
2024-04-30,3638,1750.5,3322,37934.76172,155.2590027
2024-05-01,3605,1812,3532,38405.66016,155.5970001
2024-05-02,3581,1787.5,3507,38274.05078,156.3139954
2024-05-07,3599,1783,3437,38236.07031,157.7220001
2024-05-08,3579,1773.5,3410,38835.10156,155.7039948
2024-05-09,3528,1750,3327,38202.37109,154.2369995
2024-05-10,3425,1748,3341,38073.98047,154.7480011
2024-05-13,3366,1736.5,3325,38229.10938,155.4190063
2024-05-14,3389,1756,3199,38179.46094,155.3890076
2024-05-15,3408,1746,3282,38356.05859,155.8179932
2024-05-16,3352,1750.5,3318,38385.73047,156.2330017
2024-05-17,3436,1708.5,3253,38920.26172,156.4980011
2024-05-20,3447,1727,3220,38787.37891,154.2819977
2024-05-21,3437,1770,3316,39069.67969,155.3789978
2024-05-22,3388,1745.5,3350,38946.92969,155.7539978
2024-05-23,3403,1728,3337,38617.10156,156.3699951
2024-05-24,3393,1731.5,3338,39103.21875,156.2510071
2024-05-27,3450,1734,3319,38646.10938,156.7039948
2024-05-28,3448,1745,3369,38900.01953,156.9730072
2024-05-29,3390,1749,3434,38855.37109,156.8699951
2024-05-30,3330,1740,3415,38556.87109,156.8450012
2024-05-31,3401,1730.5,3447,38054.12891,157.2619934
2024-06-03,3341,1769.5,3500,38487.89844,157.6080017
2024-06-04,3298,1765.5,3554,38923.03125,156.9530029
2024-06-05,3218,1726,3487,38837.46094,157.1799927
2024-06-06,3273,1668,3362,38490.17188,156.076004
2024-06-07,3219,1678.5,3341,38703.51172,155.1239929
2024-06-10,3272,1667.5,3367,38683.92969,155.9290009
2024-06-11,3254,1708,3426,39038.16016,155.6970062
2024-06-12,3209,1708,3401,39134.78906,156.8329926
2024-06-13,3128,1708,3398,38876.71094,157.0399933
2024-06-14,3116,1684.5,3329,38720.46875,157.1049957
2024-06-17,3036,1695.5,3281,38814.55859,156.8000031
2024-06-18,3052,1642.5,3262,38102.44141,157.128006
2024-06-19,3107,1670,3360,38482.10938,157.5460052
2024-06-20,3084,1681,3380,38570.76172,157.6999969
2024-06-21,3074,1663.5,3371,38633.01953,157.8710022
2024-06-24,3150,1660,3346,38596.46875,157.9579926
2024-06-25,3296,1688,3354,38804.64844,158.9309998
2024-06-26,3276,1730,3448,39173.14844,159.8609924
2024-06-27,3263,1718,3400,39667.07031,159.6860046
2024-06-28,3290,1712.5,3366,39341.53906,159.6860046
2024-07-01,3284,1720,3410,39583.07812,160.6210022
2024-07-02,3333,1760.5,3398,39631.05859,160.6869965
2024-07-03,3325,1735,3469,40074.69141,160.9069977
2024-07-04,3391,1738.5,3479,40580.76172,161.5119934
2024-07-05,3319,1791,3607,40913.64844,161.5039978
2024-07-08,3285,1733,3490,40912.37109,161.6210022
2024-07-09,3270,1700,3475,40780.69922,161.3580017
2024-07-10,3291,1701.5,3433,41580.17188,160.6380005
2024-07-11,3284,1703,3447,41831.98828,160.8569946
2024-07-12,3274,1723.5,3529,42224.01953,161.3309937
2024-07-16,3269,1703.5,3391,41190.67969,161.6069946
2024-07-17,3254,1705,3382,41275.07812,158.201004
2024-07-18,3141,1716,3317,41097.69141,158.1410065
2024-07-19,3133,1665,3211,40126.35156,158.3500061
2024-07-22,3090,1664.5,3167,40063.78906,155.6860046
2024-07-23,3109,1671,3125,39599,157.1499939
2024-07-24,3100,1674,3141,39594.39062,157.4219971
2024-07-25,3020,1630,3029,39154.85156,156.8910065
2024-07-26,2909,1585,2903.5,37869.51172,155.7680054
2024-07-29,2967,1580.5,2884.5,37667.41016,153.8910065
2024-07-30,2996.5,1622.5,2933,38468.62891,153.6970062
2024-07-31,2949,1636,2983.5,38525.94922,154.1390076
2024-08-01,2699,1647,2986.5,39101.82031,153.8329926
2024-08-02,2585,1575,2815.5,38126.32812,152.6699982
2024-08-05,2232,1522,2666.5,35909.69922,149.7440033
2024-08-06,2518,1251.5,2177.5,31458.41992,149.201004
2024-08-07,2500.5,1435.5,2388,34675.46094,145.5839996
2024-08-08,2451,1423,2445,35089.62109,145.7899933
2024-08-09,2447.5,1422,2488.5,34831.14844,144.7319946
2024-08-13,2529,1420,2429.5,35025,146.1239929
2024-08-14,2616,1454.5,2490.5,36232.51172,147.6690063
2024-08-15,2657.5,1505,2567.5,36442.42969,146.9819946
2024-08-16,2744.5,1546.5,2701.5,36726.64062,146.970993
2024-08-19,2660.5,1584,2750,38062.67188,147.253006
2024-08-20,2687,1567.5,2705.5,37388.62109,149.2220001
2024-08-21,2692.5,1578,2753.5,38062.92188,147.9559937
2024-08-22,2665,1562,2731,37951.80078,146.6990051
2024-08-23,2682,1556,2697.5,38211.01172,145.3470001
2024-08-26,2597.5,1578,2738,38364.26953,145.1179962
2024-08-27,2644,1534,2645.5,38110.21875,146.2019958
2024-08-28,2746.5,1561,2718,38288.62109,144
2024-08-29,2720.5,1572,2729,38371.76172,144.5160065
2024-08-30,2759.5,1583,2726.5,38362.53125,143.9750061
2024-09-02,2781,1588,2760.5,38647.75,144.4329987
2024-09-03,2772,1610,2800.5,38700.87109,144.8899994
2024-09-04,2674,1604.5,2772.5,38686.30859,146.3809967
2024-09-05,2616,1530,2625.5,37047.60938,146.7220001
2024-09-06,2582.5,1538.5,2615.5,36657.08984,145.3529968
2024-09-09,2500,1527.5,2583,36391.46875,143.3240051
2024-09-10,2499.5,1509,2543,36215.75,143.3930054
2024-09-11,2422,1486.5,2511,36159.16016,142.4859924
2024-09-12,2513,1441.5,2394.5,35619.76953,143.177002
2024-09-13,2455,1493.5,2457.5,36833.26953,142.2339935
2024-09-17,2406,1472,2400.5,36581.76172,142.5899963
2024-09-18,2485,1457,2340,36203.21875,141.4989929
2024-09-19,2610.5,1493.5,2374,36380.17188,140.7899933
2024-09-20,2634,1543.5,2452,37155.32812,142.0149994
2024-09-24,2617,1556.5,2438.5,37723.91016,142.7100067
2024-09-25,2643.5,1561,2482,37940.58984,142.8580017
2024-09-26,2726.5,1575,2548,37870.26172,143.6380005
2024-09-27,2751.5,1615,2626,38925.62891,142.9629974
2024-09-30,2542.5,1621.5,2689.5,39829.55859,144.6829987
2024-10-01,2596,1507.5,2482,37919.55078,145.076004
2024-10-02,2569.5,1542,2519.5,38651.96875,142.7830048
2024-10-03,2601.5,1542,2479,37808.76172,143.7100067
2024-10-04,2586,1564.5,2568,38552.05859,143.7359924
2024-10-07,2645.5,1568.5,2572,38635.62109,146.5820007
2024-10-08,2568,1602,2629.5,39332.73828,146.8399963
2024-10-09,2563.5,1566,2574,38937.53906,148.8200073
2024-10-10,2581,1553,2555,39277.96094,148.1459961
2024-10-11,2562,1574,2608.5,39380.89062,148.1589966
2024-10-15,2555,1558,2586,39605.80078,149.1600037
2024-10-16,2525.5,1547,2568,39910.55078,148.7039948
2024-10-17,2550.5,1533,2550.5,39180.30078,149.6699982
2024-10-18,2552.5,1535,2609,38911.19141,149.098999
2024-10-21,2541.5,1533,2596,38981.75,149.576004
2024-10-22,2545,1525.5,2611.5,38954.60156,150.1000061
2024-10-23,2620.5,1512.5,2601,38411.96094,149.6000061
2024-10-24,2602.5,1546,2664.5,38104.85938,150.6049957
2024-10-25,2600,1536.5,2634.5,38143.28906,151.1380005
2024-10-28,2707,1520.5,2632.5,37913.92188,152.7689972
2024-10-29,2699.5,1582,2734.5,38605.53125,151.7830048
2024-10-30,2711.5,1584,2770,38903.67969,152.9519958
2024-10-31,2682.5,1577.5,2775,39277.39062,153.1790009
2024-11-01,2615.5,1557.5,2781.5,39081.25,153.2740021
2024-11-05,2639,1524,2461.5,38053.67188,153.2039948
2024-11-06,2684.5,1516,2577,38474.89844,151.9799957
2024-11-07,2762,1418,2465,39480.67188,152.276001
2024-11-08,2662.5,1420,2486,39381.41016,151.4349976
2024-11-11,2653.5,1381.5,2417.5,39500.37109,154.3200073
2024-11-12,2717,1379.5,2390.5,39533.32031,153.1799927
2024-11-13,2662,1383.5,2447.5,39376.08984,152.904007
2024-11-14,2666,1325,2410,38721.66016,153.4799957
2024-11-15,2704,1322.5,2436,38535.69922,154.6549988
2024-11-18,2676,1351.5,2472.5,38642.91016,155.4290009
2024-11-19,2730.5,1361.5,2453,38220.85156,156.4680023
2024-11-20,2698.5,1394.5,2517,38414.42969,154.6640015
2024-11-21,2674.5,1364.5,2486.5,38352.33984,154.6170044
2024-11-22,2664.5,1345.5,2442,38026.17188,154.7180023
2024-11-25,2694.5,1362.5,2450.5,38283.85156,155.2949982
2024-11-26,2667.5,1358.5,2472.5,38780.14062,154.2180023
2024-11-27,2571,1333,2501.5,38442,154.1459961
2024-11-28,2607,1292.5,2443,38134.96875,154.378006
2024-11-29,2551.5,1299,2456.5,38349.05859,153.0090027
2024-12-02,2611,1291.5,2406.5,38208.03125,151.3359985
2024-12-03,2652,1302,2470.5,38513.01953,151.173996
2024-12-04,2631,1320.5,2510,39248.85938,149.897995
2024-12-05,2632,1291,2433.5,39276.39062,149.5079956
2024-12-06,2629,1283.5,2445.5,39395.60156,149.6470032
2024-12-09,2645.5,1286.5,2459,39091.17188,150.5670013
2024-12-10,2679.5,1300,2476,39160.5,150.2070007
2024-12-11,2682.5,1314.5,2487,39367.57812,150.0299988
2024-12-12,2718.5,1306.5,2495.5,39372.23047,151.4080048
2024-12-13,2697.5,1300,2501.5,39849.14062,151.8070068
2024-12-16,2692,1293.5,2517.5,39470.44141,152.2449951
2024-12-17,2672.5,1287.5,2511,39457.48828,152.5870056
2024-12-18,2726.5,1283.5,2500,39364.67969,153.4530029
2024-12-19,2724,1244.5,2574.5,39081.71094,154.0859985
2024-12-20,2771.5,1220,2567.5,38813.57812,153.5720062
2024-12-23,2837,1229.5,2599.5,38701.89844,154.6730042
2024-12-24,2835,1276.5,2641.5,39161.33984,157.6439972
2024-12-25,2964.5,1432.5,2709.5,39036.85156,156.5330048
2024-12-26,3142,1444.5,2710,39130.42969,157.1649933
2024-12-27,3188,1500,2785.5,39568.05859,157.1069946
2024-12-30,3146,1531,2823,40281.16016,157.1329956
2025-01-06,3011,1535,2821,39894.53906,157.7480011
2025-01-07,3052,1578.5,2751.5,39307.05078,157.8730011
2025-01-08,3073,1604,2784,40083.30078,157.4810028
2025-01-09,3005,1594.5,2805.5,39981.05859,157.7429962
2025-01-10,2932,1553.5,2738,39605.08984,158.2359924
2025-01-14,2907.5,1528.5,2676.5,39190.39844,158.1920013
2025-01-15,2901,1479,2662.5,38474.30078,158.0480042
2025-01-16,2837,1472.5,2649.5,38444.57812,157.3639984
2025-01-17,2788,1456,2611.5,38572.60156,158.0500031
2025-01-20,2870,1460,2570.5,38451.46094,156.2550049
2025-01-21,2875.5,1482,2645,38902.5,155.3560028
2025-01-22,2915.5,1478,2627,39027.98047,156.3059998
2025-01-23,2925,1487.5,2676.5,39646.25,155.2489929
2025-01-24,2882.5,1491.5,2716.5,39958.87109,155.7740021
2025-01-27,2922,1479,2679,39931.98047,156.4400024
2025-01-28,2889.5,1494.5,2701.5,39565.80078,156.1549988
2025-01-29,2930,1489.5,2696,39016.87109,155.7440033
2025-01-30,2949,1482,2728.5,39414.78125,154.9089966
2025-01-31,2973.5,1477,2750.5,39513.96875,155.5590057
2025-02-03,2824.5,1478.5,2720,39572.48828,155.1699982
2025-02-04,2873,1372,2578.5,38520.08984,154.0970001
2025-02-05,2963,1386.5,2627,38798.37109,155.3630066
2025-02-06,2903.5,1500,2631,38831.48047,155.2769928
2025-02-07,2824.5,1440,2664.5,39066.53125,154.1329956
2025-02-10,2825.5,1436.5,2910,38787.01953,152.6060028
2025-02-12,2800,1423,2867,38801.17188,151.1929932
2025-02-13,2825.5,1404,2847,38963.69922,151.845993
2025-02-14,2804.5,1434,2942,39461.46875,152.7389984
2025-02-17,2773.5,1469.5,2949.5,39149.42969,154.2550049
2025-02-18,2804,1424,2811.5,39174.25,152.9889984
2025-02-19,2755.5,1417.5,2811,39270.39844,152.022995
2025-02-20,2710.5,1385.5,2769.5,39164.60938,151.4440002
2025-02-21,2706,1366.5,2655,38678.03906,151.9309998
2025-02-25,2710.5,1380,2738,38776.94141,151.2200012
2025-02-26,2725,1388.5,2748,38237.78906,149.4080048
2025-02-27,2784,1402.5,2764,38142.37109,149.8639984
2025-02-28,2689,1410,2876,38256.17188,149.0780029
2025-03-03,2795,1393,2753.5,37155.5,148.8379974
2025-03-04,2753.5,1412.5,2816.5,37785.46875,150.0119934
2025-03-05,2849.5,1381,2745.5,37331.17969,150.7709961
2025-03-06,2822.5,1410.5,2755,37418.23828,149.3049927
2025-03-07,2803,1439,2806,37704.92969,149.798996
2025-03-10,2829,1431,2795.5,36887.17188,148.897995
2025-03-11,2754.5,1444,2866.5,37028.26953,148.1080017
2025-03-12,2761.5,1450,2904,36793.10938,147.6080017
2025-03-13,2719,1448,2769,36819.08984,147.0690002
2025-03-14,2746.5,1430.5,2766,36790.03125,148.0420074
2025-03-17,2760.5,1450,2810.5,37053.10156,148.279007
2025-03-18,2839,1476,2846.5,37396.51953,147.9490051
2025-03-19,2892,1518,2923,37845.42188,148.5980072
2025-03-21,2844.5,1515.5,2939,37751.87891,149.3789978
2025-03-24,2863,1503,2891,37677.05859,149.4519958
2025-03-25,2882.5,1501.5,2930.5,37608.48828,148.595993
2025-03-26,2887.5,1503,2933,37780.53906,149.677002
2025-03-27,2828.5,1493,2951.5,38027.28906,150.7740021
2025-03-28,2700.5,1456,2805,37799.96875,149.9499969
2025-03-31,2616,1385,2705.5,37120.32812,150.4730072
2025-04-01,2630.5,1342.5,2645,35617.55859,150.8470001
2025-04-02,2656,1345,2655,35624.48047,149.6170044
2025-04-03,2518.5,1361,2714,35725.87109,149.9129944
2025-04-04,2407.5,1329.5,2521,34735.92969,149.7830048
2025-04-07,2266.5,1257,2417.5,33780.57812,147.871994
2025-04-08,2428.5,1205,2277,31136.58008,146.2310028
2025-04-09,2365.5,1284,2465.5,33012.57812,145.4329987
2025-04-10,2543,1243.5,2312,31714.0293,147.7890015
2025-04-11,2420,1348.5,2460,34609,145.8450012
2025-04-14,2410,1315,2380,33585.57812,147.3990021
2025-04-15,2499,1319.5,2349,33982.35938,143.746994
2025-04-16,2499,1367,2439.5,34267.53906,143.6959991
2025-04-17,2498.5,1356.5,2421.5,33920.39844,143.220993
2025-04-18,2544,1382,2466,34377.60156,143.1809998
2025-04-21,2470.5,1394.5,2520,34730.28125,141.9279938
2025-04-22,2459,1380.5,2423.5,34279.92188,141.9279938
2025-04-23,2582,1386,2405,34220.60156,141.9279938
2025-04-24,2657.5,1418.5,2499.5,34868.62891,140.8760071
2025-04-25,2690,1427.5,2563,35039.14844,142.6880035
2025-04-28,2786.5,1437.5,2613,35705.73828,143.2230072
2025-04-30,2729,1451.5,2639.5,35839.98828,142.8789978
2025-05-01,2751,1453,2592.5,36045.37891,143.8410034
2025-05-02,2780,1465,2600,36452.30078,142.298996
2025-05-07,2706,1484,2634.5,36830.69141,143.0090027
2025-05-08,2671.5,1458,2569.5,36779.66016,145.447998
2025-05-09,2719.5,1443,2612,36928.62891,143.0350037
2025-05-12,2753.5,1482.5,2678,37503.32812,143.8480072
2025-05-13,2850,1488.5,2733,37644.26172,146.0149994
2025-05-14,2749.5,1503.5,2830,38183.26172,145.8119965
2025-05-15,2657,1460.5,2688.5,38128.12891,148.3099976
2025-05-16,2642.5,1403.5,2565,37755.51172,147.5279999
2025-05-19,2665,1406,2614,37753.71875,146.6499939
2025-05-20,2672.5,1411,2626.5,37498.62891,145.6130066
2025-05-21,2662.5,1422,2651,37529.48828,145.2980042
2025-05-22,2620,1437.5,2668,37298.98047,144.9750061
2025-05-23,2623.5,1415,2609,36985.87109,144.3280029
2025-05-26,2621.5,1418.5,2630.5,37160.46875,143.7550049
2025-05-27,2640,1406.5,2620,37531.53125,143.8580017
2025-05-28,2631.5,1412,2655,37724.10938,142.8670044
2025-05-29,2734.5,1430,2637.5,37722.39844,142.6549988
2025-05-30,2769,1496,2735,38432.98047,144.177002
2025-06-02,2691,1468,2679,37965.10156,145.6970062
2025-06-03,2675,1437,2627.5,37470.67188,143.779007
2025-06-04,2724.5,1423.5,2648,37446.80859,143.8150024
2025-06-05,2650.5,1422,2620,37747.44922,142.4519958
2025-06-06,2652,1384,2486.5,37554.48828,143.8370056
2025-06-09,2640,1402,2522.5,37741.60938,142.7319946
2025-06-10,2657.5,1400,2535.5,38088.57031,143.5420074
2025-06-11,2656,1400,2552.5,38211.51172,144.6909943
2025-06-12,2616.5,1412.5,2571.5,38421.19141,144.5399933
2025-06-13,2555,1400.5,2551.5,38173.08984,144.8379974
2025-06-16,2554.5,1393.5,2471,37834.25,144.2030029
2025-06-17,2538,1434.5,2499,38311.32812,143.1940002
2025-06-18,2569,1434.5,2510,38536.73828,144.0910034
2025-06-19,2525.5,1446,2588,38885.14844,144.7290039
2025-06-20,2502.5,1430.5,2557.5,38488.33984,145.3760071
2025-06-23,2493.5,1423.5,2509.5,38403.23047,144.9550018
2025-06-24,2490,1406,2485,38354.08984,145.2180023
2025-06-25,2460.5,1390,2455.5,38790.55859,146.223999
2025-06-26,2456.5,1392.5,2461.5,38942.07031,145.9279938
2025-06-27,2527,1380,2480,39584.57812,144.9570007
2025-06-30,2493,1421,2577,40150.78906,144.904007
2025-07-01,2453,1394.5,2515.5,40487.39062,144.6940002
2025-07-02,2465.5,1396,2466.5,39986.32812,144.5169983
2025-07-03,2511.5,1421.5,2475,39762.48047,143.8000031
2025-07-04,2484.5,1449.5,2524.5,39785.89844,143.4019928
2025-07-07,2453.5,1443,2510,39810.87891,143.526001
2025-07-08,2465,1422,2466,39587.67969,144.6820068
2025-07-09,2487.5,1433,2477.5,39688.80859,144.4980011
2025-07-10,2473.5,1481,2533,39821.28125,145.8919983
2025-07-11,2508,1484.5,2523.5,39646.35938,146.848999
2025-07-14,2531.5,1509,2580.5,39569.67969,146.1139984
2025-07-15,2532,1522,2596.5,39459.62109,146.2879944
2025-07-16,2509.5,1526,2581.5,39678.01953,147.2949982
2025-07-17,2520.5,1502.5,2563,39663.39844,147.7920074
2025-07-18,2516,1494,2533,39901.19141,148.7610016
2025-07-22,2496.5,1487,2520.5,39819.10938,148.003006
2025-07-23,2854.5,1484.5,2520,39774.92188,148.4420013
2025-07-24,2844.5,1650,2938.5,41171.32031,147.4089966
2025-07-25,2787,1650.5,2998.5,41826.33984,146.7850037
2025-07-28,2805,1621,2842,41456.23047,146.348999
2025-07-29,2741.5,1658,2876,40998.26953,147.0050049
2025-07-30,2743.5,1623,2832.5,40674.55078,147.8130035
2025-07-31,2696.5,1589.5,2806.5,40654.69922,148.4790039
2025-08-01,2724.5,1569,2779.5,41069.82031,148.4420013
2025-08-04,2675,1577,2814,40799.60156,149.2259979
2025-08-05,2679,1549.5,2757.5,40290.69922,150.7720032
2025-08-06,2721,1548,2772.5,40549.53906,147.3430023
2025-08-07,2680,1571.5,2802,40794.85938,146.7929993
2025-08-08,2773,1545.5,2875.5,41059.14844,147.5599976
2025-08-12,2855,1606.5,3030,41820.48047,147.1929932
2025-08-13,2875,1648.5,3049,42718.17188,146.8370056
2025-08-14,2805,1644,3013,43274.67188,148.125
2025-08-15,2854,1623.5,2911.5,42649.26172,147.7579956
2025-08-18,2903,1637.5,2965,43378.30859,147.1199951
2025-08-19,2925,1663,2969,43714.30859,147.6909943
2025-08-20,2937,1669,2973.5,43546.28906,147.2640076
2025-08-21,2904,1702.5,2981.5,42888.55078,147.9160004
2025-08-22,2943,1669.5,2939.5,42610.17188,147.7310028
2025-08-25,2940,1679,2966.5,42633.28906,147.3179932
2025-08-26,2898.5,1696,3000,42807.82031,148.3860016
2025-08-27,2904.5,1667,2972,42394.39844,147.2149963
2025-08-28,2919,1659,2957,42520.26953,147.8220062
2025-08-29,2873,1663.5,2975,42828.78906,147.4620056
2025-09-01,2858.5,1642,2933.5,42718.46875,147.3159943
2025-09-02,2869,1669,2962.5,42188.78906,146.7899933
2025-09-03,2851.5,1670.5,2992,42310.48828,147.0970001
2025-09-04,2905,1656,2973,41938.89062,147.0839996
2025-09-05,2962.5,1674,3013,42580.26953,148.5480042
2025-09-08,2970,1693,3079,43018.75,147.9799957
2025-09-09,2949,1694,3120,43643.80859,148.375
2025-09-10,2913.5,1697.5,3154,43459.28906,148.3439941
2025-09-11,2886.5,1666,3122,43837.67188,147.3639984
2025-09-12,2889,1650.5,3100,44372.5,147.3919983
2025-09-16,2934.5,1649.5,3103,44768.12109,147.3320007
2025-09-17,2950.5,1661,3117,44902.26953,147.223999
2025-09-18,2940.5,1657,3105,44790.37891,147.4049988
2025-09-19,2923,1640,3038,45303.42969,146.4129944
2025-09-22,2964,1631,3058,45045.80859,146.8910065
2025-09-24,2929.5,1661.5,3098,45493.66016,147.9470062
2025-09-25,2961.5,1644,3099,45630.30859,148.0950012
2025-09-26,2969.5,1660,3122,45754.92969,147.6130066
2025-09-29,2870,1650,3121,45354.98828,148.7510071
2025-09-30,2849.5,1564,3026,45043.75,149.8609924
2025-10-01,2821.5,1531,3030,44932.62891,149.4049988
2025-10-02,2805,1511.5,2987,44550.85156,148.5950012
2025-10-03,2839.5,1503.5,2915.5,44936.73047,147.996994
2025-10-06,2974,1524.5,2932.5,45769.5,147.0829926
2025-10-07,3023,1589,3066,47944.76172,147.1499939
2025-10-08,3009,1597,3115,47950.87891,149.6060028
2025-10-09,2947.5,1596,3121,47734.98828,150.3309937
2025-10-10,2898.5,1573.5,3122,48580.44141,152.0509949
2025-10-14,2871.5,1556,3057,48088.80078,152.6799927
2025-10-15,2913.5,1540.5,3025,46847.32031,152.9649963
2025-10-16,2954.5,1543.5,3081,47672.67188,152.4340057
2025-10-17,2933.5,1547.5,3130,48277.73828,151.7310028
2025-10-20,3003,1517.5,3073,47582.14844,150.973999
2025-10-21,3005,1565,3141,49185.5,150.1199951
2025-10-22,3104,1552.5,3188,49316.05859,150.8999939
2025-10-23,3091,1620,3305,49307.78906,150.7740021
2025-10-24,3127,1596,3270,48641.60938,151.8930054
2025-10-27,3218,1594.5,3267,49299.64844,151.9539948
2025-10-28,3171,1619,3333,50512.32031,152.602005
2025-10-29,3146,1596.5,3305,50219.17969,153.0610046
2025-10-30,3185,1583.5,3295,51307.64844,152.6920013
2025-10-31,3138,1594.5,3308,51325.60938,151.7310028
2025-11-04,3155,1560,3283,52411.33984,152.7220001
2025-11-05,3040,1590,3323,51497.19922,153.8999939
2025-11-06,3139,1561,3235,50212.26953,154.2039948
2025-11-07,3118,1557,3283,50883.67969,153.5570068
2025-11-10,3131,1585,3309,50276.37109,154.072998
2025-11-11,3147,1511,3372,50911.76172,152.947998
2025-11-12,3190,1523.5,3466,50842.92969,153.8170013
2025-11-13,3198,1544.5,3524,51063.30859,154.1459961
2025-11-14,3180,1565,3550,51281.82812,154.0749969
2025-11-17,3119,1556.5,3552,50376.53125,154.7129974
2025-11-18,3029,1517,3464,50323.91016,154.6329956
2025-11-19,3037,1491.5,3333,48702.98047,154.5850067
2025-11-20,3044,1513,3324,48537.69922,155.272995
2025-11-21,3097,1514,3319,49823.94141,155.5480042
2025-11-25,3077,1538.5,3416,48625.87891,156.9920044
2025-11-26,3141,1541.5,3440,48659.51953,157.3690033
2025-11-27,3138,1570,3494,49559.07031,156.9389954
2025-11-28,3133,1557.5,3485,50167.10156,156.2299957
2025-12-01,3082,1572,3509,50253.91016,156.2389984
2025-12-02,3045,1535,3438,49303.28125,156.2839966
2025-12-03,3005,1515,3364,49303.44922,155.9279938
2025-12-04,3103,1503.5,3263,49864.67969,155.5570068
2025-12-05,3032,1547.5,3380,51028.42188,155.8070068
2025-12-08,3060,1520,3315,50491.87109,155.1069946
2025-12-09,3066,1528.5,3298,50581.94141,155.1419983
2025-12-10,3116,1525,3369,50655.10156,155.3399963
2025-12-11,3110,1575.5,3413,50602.80078,155.8439941
2025-12-12,3260,1572,3438,50148.82031,156.8379974
2025-12-15,3350,1600,3517,50836.55078,155.7899933
2025-12-16,3330,1609.5,3581,50168.10938,155.5670013
2025-12-17,3349,1585,3539,49383.28906,155.8880005
2025-12-18,3363,1583,3496,49512.28125,155.0149994
2025-12-19,3424,1543,3446,49001.5,154.7779999
2025-12-22,3455,1557,3457,49507.21094,155.4949951
2025-12-23,3415,1582,3541,50402.39062,155.5859985
2025-12-24,3353,1564,3439,50412.87109,157.6759949
2025-12-25,3374,1553.5,3398,50344.10156,156.8769989
2025-12-26,3380,1559.5,3402,50407.78906,156.1759949
2025-12-29,3364,1540.5,3401,50750.39062,156.1759949
2025-12-30,3356,1541,3389,50526.92188,156.0899963
2026-01-05,3399,1536,3395,50339.48047,156.4629974
2026-01-06,3429,1558,3445,51832.80078,156.0130005
2026-01-07,3335,1565.5,3394,52518.07812,156.9889984
2026-01-08,3294,1532,3352,51961.98047,156.6260071
2026-01-09,3388,1524.5,3299,51117.26172,156.6799927
2026-01-13,3641,1572,3396,51939.89062,156.7310028
2026-01-14,3622,1603.5,3536,53549.16016,156.8800049
2026-01-15,3714,1631,3598,54341.23047,157.9859924
2026-01-16,3670,1651,3569,54110.5,159.1790009
2026-01-19,3623,1635.5,3575,53936.17188,158.4019928
2026-01-20,3541,1627,3513,53583.57031,158.595993
2026-01-21,3552,1622,3460,52991.10156,157.5350037
2026-01-22,3584,1607.5,3454,52774.64062,158.177002
2026-01-23,3624,1639,3489,53688.89062,158.1620026
2026-01-26,3477,1616,3411,53846.87109,158.4559937
2026-01-27,3459,1544.5,3262,52885.25,158.5010071
2026-01-28,3347,1536,3248,53333.53906,155.1660004
2026-01-29,3448,1500,3195,53358.71094,154.3359985
2026-01-30,3504,1532.5,3250,53375.60156,152.4530029
2026-02-02,3535,1555,3327,53322.85156,153.095993
2026-02-03,3594,1561.5,3338,52655.17969,153.1620026
2026-02-04,3725,1578,3438,54720.66016,155.2019958
2026-02-05,3706,1612.5,3530,54293.35938,155.4429932
2026-02-06,3780,1639.5,3538,53818.03906,155.798996
2026-02-09,3729,1692,3342,54253.67969,156.9170074
2026-02-10,3714,1635,3044,56363.94141,156.7839966
2026-02-12,3705,1669.5,3160,57650.53906,157.2440033
2026-02-13,3774,1611,3146,57639.83984,156.1320038
2026-02-16,3666,1601,3165,56941.96875,153.2689972
2026-02-17,3713,1555.5,3094,56806.41016,152.8209991
2026-02-18,3730,1570.5,3072,56566.48828,152.779007
2026-02-19,3774,1582.5,3080,57143.83984,153.6089935
2026-02-20,3635,1581.5,3086,57467.82812,153.1490021
2026-02-24,3656,1543,3021,56825.69922,154.6929932
2026-02-25,3720,1543,2916.5,57321.08984,155.1600037
2026-02-26,3776,1548.5,2955,58583.12109,154.6349945
2026-02-27,3825,1561,2971,58753.39062,155.8800049
2026-03-02,3944,1584.5,2966.5,58850.26953,156.1999969
2026-03-03,3702,1553,2918,58057.23828,155.8589935
2026-03-04,3520,1491,2746.5,56279.05078,156.6329956
2026-03-05,3481,1450.5,2671,54245.53906,157.2570038
2026-03-06,3515,1431.5,2670.5,55278.05859,157.772995
2026-03-09,3393,1462,2725,55620.83984,156.9830017
2026-03-10,3473,1454,2674.5,52728.71875,157.5339966
2026-03-11,3510,1466.5,2698.5,54248.39062,158.427002
2026-03-12,3467,1466.5,2712,55025.37109,157.8480072
2026-03-13,3370,1448.5,2692,54452.96094,158.1139984
2026-03-16,3338,1368,2624.5,53819.60938,159.0749969
2026-03-17,3379,1344.5,2568.5,53751.14844,159.2059937
2026-03-18,3404,1342,2577.5,53700.39062,159.5679932
2026-03-19,3325,1345,2608.5,55239.39844,159.1049957
2026-03-23,3251,1302,2559,53372.53125,158.8890076
2026-03-24,3271,1284,2496.5,51515.48828,159.7949982
2026-03-25,3338,1300.5,2560,52252.28125,159.2339935
2026-03-26,3388,1314,2585,53749.62109,158.4790039
2026-03-27,3408,1320,2592,53603.64844,158.7180023
2026-03-30,3224,1340,2601,53373.07031,159.3840027
2026-03-31,3162,1270.5,2473,51885.85156,159.7039948
2026-04-01,3311,1257.5,2483.5,51063.71875,160.2339935
2026-04-02,3262,1286,2553,53739.67969,159.8410034
2026-04-03,3255,1273,2510.5,52463.26953,158.5789948
2026-04-06,3247,1269,2538.5,53123.48828,158.6880035
2026-04-07,3252,1262,2523,53413.67969,159.4909973
2026-04-08,3384,1252,2522,53429.55859,159.7799988
2026-04-09,3331,1283.5,2593.5,56308.42188,159.6829987
2026-04-10,3319,1276,2540,55895.32031,158.7160034
2026-04-13,3319,1269.5,2544.5,56924.10938,158.6419983
2026-04-14,3326,1254,2506,56502.76953,159.1119995
2026-04-15,3381,1269,2539,57877.39062,159.6799927
2026-04-16,3392,1285,2506,58134.23828,159.2140045
2026-04-17,3343,1301.5,2548,59518.33984,158.7920074
2026-04-20,3390,1300.5,2537.5,58475.89844,158.8090057
2026-04-21,3280,1341,2569,58824.89062,159.1950073
2026-04-22,3191,1342,2570.5,59349.17188,159.1609955
2026-04-23,3123,1322.5,2500.5,59585.85938,158.8439941
2026-04-24,3067,1312,2501,59140.23047,159.3730011
2026-04-27,3067,1296.5,2447.5,59716.17969,159.4880066
2026-04-28,3112,1292.5,2440,60537.35938,159.746994
2026-04-30,3023,1293.5,2438.5,59917.46094,159.576004
2026-05-01,3000,1266.5,2349.5,59284.92188,159.3569946
2026-05-07,2978,1262.5,2369.5,59513.12109,160.1840057
2026-05-08,2913,1259.5,2343,62833.83984,156.9779968
2026-05-11,2870,1269,2358,62713.64844,156.5079956
2026-05-12,2843,1251,2319.5,62417.87891,156.8289948
2026-05-13,2939.5,1255.5,2288,62742.57031,156.8580017
2026-05-14,3008,1272,2346,63272.10938,157.2310028
2026-05-15,3085,1320,2402,62654.05078,157.6710052
2026-05-18,2954.5,1430,2567.5,61409.28906,157.8509979
2026-05-19,2957,1342.5,2385,60815.94922,158.3820038
2026-05-20,2942,1342.5,2450,60550.58984,158.8439941
2026-05-21,2978,1343,2437,59804.41016,158.8609924
2026-05-22,2987,1384,2493,61684.14062,159.0350037
2026-05-25,3026,1401,2441,63339.07031,158.8880005
2026-05-26,3022,1408.5,2464.5,65158.19141,159.0180054
2026-05-27,3008,1407,2466,64996.08984,158.9459991
2026-05-28,3030,1421.5,2437,64999.41016,158.9539948
2026-05-29,3042,1441.5,2465.5,64693.12109,159.2429962
2026-06-01,2905.5,1452.5,2442,66329.5,159.5679932
2026-06-02,2844,1402,2422,66934.32812,159.2700043
2026-06-03,2881,1387,2438.5,66734.24219,159.3529968
2026-06-04,2838.5,1496.5,2471,68402.13281,159.6360016
2026-06-05,2850,1504.5,2474.5,67470.6875,159.9680023
2026-06-08,2822.5,1444.5,2454.5,66588.11719,159.9400024
2026-06-09,2830,1438.5,2493,64024.60156,159.9900055
2026-06-10,2814,1444.5,2523,65416.62891,160.3269958
2026-06-11,2747.5,1437.5,2535.5,64179.26953,160.173996
2026-06-12,2775.5,1427.5,2480,64217.26953,160.3840027
2026-06-15,2902.5,1411,2474,66020.03906,160.5269928
2026-06-16,2847.5,1458,2568,69317.5,160.1300049
2026-06-17,2810,1439,2564.5,69404.5,159.9550018
2026-06-18,2793.5,1415.5,2582.5,69902.25,160.2290039
2026-06-19,2776.5,1414,2577,71053.49219,160.4190063
2026-06-22,2741.5,1412.5,2440.5,71250.0625,160.6000061
2026-06-23,2706,1413.5,2427.5,72353.96094,161.2890015
2026-06-24,2686,1397.5,2391.5,69788.38281,161.4329987
2026-06-25,2700.5,1391.5,2375,69174.96875,161.5700073
2026-06-26,2768,1414,2401.5,72366.34375,161.598999
2026-06-29,2772,1449.5,2401,69360.88281,161.7630005
2026-06-30,2725,1476,2401.5,69468.10938,161.8049927
2026-07-01,2724.5,1480,2390,70062.32031,161.7870026
2026-07-02,2793,1472.5,2406,70474.96094,161.9230042
2026-07-03,2828,1527,2501.5,68733.14844,162.628006
2026-07-06,2923,1550,2515.5,69744.07031,162.5390015
2026-07-07,2946,1599,2589.5,69737.6875,161.4490051
2026-07-08,2889,1570.5,2573.5,68256.96094,161.4519958
2026-07-09,2824,1525,2525,66819.04688,162.0879974
2026-07-10,2823,1502,2488.5,67743.85156,162.3630066
2026-07-13,2806,1495.5,2492.5,68557.72656,162.5390015
2026-07-14,2839,1495,2475,67242.72656,162.3630066
2026-07-15,2875.5,1513.5,2485.5,67743.5,161.878006
2026-07-16,2909,1511.5,2499.5,68751.50781,162.4290009
2026-07-17,2899.5,1558.5,2518.5,66835.53906,162.1869965
2026-07-21,2944.5,1535.5,2534,64141.12109,162.0720062
2026-07-22,2939,1557,2591,66232.1875,162.3760071
2026-07-23,2950,1559,2583,66115.60156,162.4869995
2026-07-24,2897,1566.5,2611.5,66422.60156,163.1860046
2026-07-27,2965.5,1536,2557,64611.14844,163.0809937
2026-07-28,3008,1583,2663.5,64931.19141,163.8320007
2026-07-29,3224,1612,2680,62364.92188,163.6109924
2026-07-30,3126,1688.5,2848.5,61434.19141,163.7709961
2026-07-31,3067,1670,2823,61867.42969,163.8639984
2026-08-03,2963.5,1625.5,2715.5,64362.01953,163.3000031
2026-08-04,2918.5,1567,2618,63754.89844,160.1829987
2026-08-05,2914.5,1575,2584,63957.53125,157.5820007
2026-08-06,2983.5,1636,2475.5,66300.4375,157.529007
2026-08-07,2980,1635.5,2515,65683.25781,157.6920013
2026-08-10,2981,1683,2567.5,65606.71094,157.6000061
2026-08-12,2999.5,1692,2615,66970.21875,158.4089966
2026-08-13,2985,1664.5,2582.5,67524.0625,157.8910065
2026-08-14,3020,1647.5,2557.5,68308.59375,159.2649994
2026-08-17,3013,1658,2583,68713.79688,159.3280029
2026-08-18,3022,1687,2557.5,69220.25,159.4259949
2026-08-19,2941,1713,2588.5,67460.72656,159.2230072
2026-08-20,3066,1662,2518.5,65326.42188,159.3399963
2026-08-21,3132,1741.5,2633.5,66216.78906,159.5500031
2026-08-24,3125,1753,2655.5,66016.35938,158.276001
2026-08-25,3082,1747,2655.5,65528.08984,158.8829956
2026-08-26,3070,1696,2613,65856.42969,158.904007
2026-08-27,3077,1674.5,2625.5,66262.15625,159.1390076
2026-08-28,3116,1662.5,2585,66131.97656,159.2230072
2026-08-31,3156,1702.5,2639,66405.5625,159.2550049
2026-09-01,3243,1710,2668,66311.92969,159.3209991
2026-09-02,3133,1733,2735.5,66215.34375,160.121994
2026-09-03,3117,1692,2666,64325.64062,159.746994
2026-09-04,3081,1718,2655,64214.48047,160.1959991
2026-09-07,3096,1696.5,2637.5,65020.94141,158.9230042
2026-09-08,2968.5,1695,2640.5,66399.84375,155.6600037
2026-09-09,2971,1610.5,2539.5,65269.32812,156.1970062
2026-09-10,2994,1620,2555.5,65142.78125,153.8549957
2026-09-11,3031,1634.5,2561,65270.94922,153.4779968
2026-09-14,3025,1664,2619.5,64011.33984,153.572998
2026-09-15,3021,1679,2649,63492.98828,154.4819946
2026-09-16,3016,1675,2629,63484.10156,153.423996
2026-09-17,3034,1684.5,2625.5,63923,154.3849945
2026-09-18,3025,1708.5,2686.5,64136.25,155.2660065
2026-09-24,2969,1689,2632.5,65018.94922,156.0140076
2026-09-25,2989.5,1733,2628,65513.98828,156.1289978
2026-09-28,2986.5,1735.5,2660,66364.20312,158.2649994
2026-09-29,2881.5,1718,2630,65877.61719,158.8110046
2026-09-30,2920,1669,2534,65481.26953,157.4629974
2026-10-01,2925,1682,2550,66753.71875,157.3609924
2026-10-02,2856.5,1696,2537,68956.71875,157.404007
2026-10-05,2893.5,1664.5,2487,68309.46094,157.5579987
2026-10-06,2930.5,1676.5,2511.5,69946.85938,157.927002
2026-10-07,2900.5,1687.5,2532.5,70683.97656,157.7339935
